time,lat,lon,u
2023-08-04 00:00:00,35.9006,14.5692,0.050345596
2023-08-04 01:00:00,35.9006,14.5692,0.06988523
2023-08-04 02:00:00,35.9006,14.5692,0.07935841
2023-08-04 03:00:00,35.9006,14.5692,0.08589063
2023-08-04 04:00:00,35.9006,14.5692,0.089017294
2023-08-04 05:00:00,35.9006,14.5692,0.089433886
2023-08-04 06:00:00,35.9006,14.5692,0.08744608
2023-08-04 07:00:00,35.9006,14.5692,0.08357667
2023-08-04 08:00:00,35.9006,14.5692,0.07853524
2023-08-04 09:00:00,35.9006,14.5692,0.07272582
2023-08-04 10:00:00,35.9006,14.5692,0.06678567
2023-08-04 11:00:00,35.9006,14.5692,0.06083976
2023-08-04 12:00:00,35.9006,14.5692,0.054394748
2023-08-04 13:00:00,35.9006,14.5692,0.04780546
2023-08-04 14:00:00,35.9006,14.5692,0.040986966
2023-08-04 15:00:00,35.9006,14.5692,0.033051804
2023-08-04 16:00:00,35.9006,14.5692,0.024700254
2023-08-04 17:00:00,35.9006,14.5692,0.015874665
2023-08-04 18:00:00,35.9006,14.5692,0.009075514
2023-08-04 19:00:00,35.9006,14.5692,0.0045574605
2023-08-04 20:00:00,35.9006,14.5692,0.0023896592
2023-08-04 21:00:00,35.9006,14.5692,0.0027458463
2023-08-04 22:00:00,35.9006,14.5692,0.005127225
2023-08-04 23:00:00,35.9006,14.5692,0.008641161
2023-08-04 00:00:00,35.9228,14.5692,0.061377153
2023-08-04 01:00:00,35.9228,14.5692,0.09136233
2023-08-04 02:00:00,35.9228,14.5692,0.10879344
2023-08-04 03:00:00,35.9228,14.5692,0.12150656
2023-08-04 04:00:00,35.9228,14.5692,0.1295323
2023-08-04 05:00:00,35.9228,14.5692,0.13410838
2023-08-04 06:00:00,35.9228,14.5692,0.1362126
2023-08-04 07:00:00,35.9228,14.5692,0.13637702
2023-08-04 08:00:00,35.9228,14.5692,0.13531484
2023-08-04 09:00:00,35.9228,14.5692,0.13359512
2023-08-04 10:00:00,35.9228,14.5692,0.13171603
2023-08-04 11:00:00,35.9228,14.5692,0.13006797
2023-08-04 12:00:00,35.9228,14.5692,0.12893286
2023-08-04 13:00:00,35.9228,14.5692,0.12848648
2023-08-04 14:00:00,35.9228,14.5692,0.12880623
2023-08-04 15:00:00,35.9228,14.5692,0.12988402
2023-08-04 16:00:00,35.9228,14.5692,0.13164294
2023-08-04 17:00:00,35.9228,14.5692,0.1339568
2023-08-04 18:00:00,35.9228,14.5692,0.13667041
2023-08-04 19:00:00,35.9228,14.5692,0.13961875
2023-08-04 20:00:00,35.9228,14.5692,0.14264348
2023-08-04 21:00:00,35.9228,14.5692,0.14560533
2023-08-04 22:00:00,35.9228,14.5692,0.14826223
2023-08-04 23:00:00,35.9228,14.5692,0.15045263
2023-08-04 00:00:00,35.9451,14.5692,0.050465792
2023-08-04 01:00:00,35.9451,14.5692,0.070429906
2023-08-04 02:00:00,35.9451,14.5692,0.08382107
2023-08-04 03:00:00,35.9451,14.5692,0.09202224
2023-08-04 04:00:00,35.9451,14.5692,0.09586035
2023-08-04 05:00:00,35.9451,14.5692,0.0962975
2023-08-04 06:00:00,35.9451,14.5692,0.094968125
2023-08-04 07:00:00,35.9451,14.5692,0.092773825
2023-08-04 08:00:00,35.9451,14.5692,0.08986527
2023-08-04 09:00:00,35.9451,14.5692,0.08559762
2023-08-04 10:00:00,35.9451,14.5692,0.079889044
2023-08-04 11:00:00,35.9451,14.5692,0.0725722
2023-08-04 12:00:00,35.9451,14.5692,0.06412671
2023-08-04 13:00:00,35.9451,14.5692,0.055510677
2023-08-04 14:00:00,35.9451,14.5692,0.04713039
2023-08-04 15:00:00,35.9451,14.5692,0.040099677
2023-08-04 16:00:00,35.9451,14.5692,0.034418043
2023-08-04 17:00:00,35.9451,14.5692,0.030405479
2023-08-04 18:00:00,35.9451,14.5692,0.027779045
2023-08-04 19:00:00,35.9451,14.5692,0.026264073
2023-08-04 20:00:00,35.9451,14.5692,0.025706088
2023-08-04 21:00:00,35.9451,14.5692,0.025912808
2023-08-04 22:00:00,35.9451,14.5692,0.02667601
2023-08-04 23:00:00,35.9451,14.5692,0.02778631
2023-08-04 00:00:00,35.9673,14.5286,0.022902358
2023-08-04 01:00:00,35.9673,14.5286,0.04131911
2023-08-04 02:00:00,35.9673,14.5286,0.052275565
2023-08-04 03:00:00,35.9673,14.5286,0.059638012
2023-08-04 04:00:00,35.9673,14.5286,0.06460701
2023-08-04 05:00:00,35.9673,14.5286,0.06753932
2023-08-04 06:00:00,35.9673,14.5286,0.068780765
2023-08-04 07:00:00,35.9673,14.5286,0.06861115
2023-08-04 08:00:00,35.9673,14.5286,0.06730059
2023-08-04 09:00:00,35.9673,14.5286,0.06512304
2023-08-04 10:00:00,35.9673,14.5286,0.062349793
2023-08-04 11:00:00,35.9673,14.5286,0.05923564
2023-08-04 12:00:00,35.9673,14.5286,0.056005538
2023-08-04 13:00:00,35.9673,14.5286,0.052769374
2023-08-04 14:00:00,35.9673,14.5286,0.04947888
2023-08-04 15:00:00,35.9673,14.5286,0.04630067
2023-08-04 16:00:00,35.9673,14.5286,0.043360323
2023-08-04 17:00:00,35.9673,14.5286,0.040672794
2023-08-04 18:00:00,35.9673,14.5286,0.038366206
2023-08-04 19:00:00,35.9673,14.5286,0.03644817
2023-08-04 20:00:00,35.9673,14.5286,0.03491453
2023-08-04 21:00:00,35.9673,14.5286,0.033861354
2023-08-04 22:00:00,35.9673,14.5286,0.033218134
2023-08-04 23:00:00,35.9673,14.5286,0.032899864
2023-08-04 00:00:00,35.9673,14.5692,0.01612014
2023-08-04 01:00:00,35.9673,14.5692,0.04364943
2023-08-04 02:00:00,35.9673,14.5692,0.05358083
2023-08-04 03:00:00,35.9673,14.5692,0.060092416
2023-08-04 04:00:00,35.9673,14.5692,0.0652087
2023-08-04 05:00:00,35.9673,14.5692,0.068210095
2023-08-04 06:00:00,35.9673,14.5692,0.06900915
2023-08-04 07:00:00,35.9673,14.5692,0.067707166
2023-08-04 08:00:00,35.9673,14.5692,0.06459052
2023-08-04 09:00:00,35.9673,14.5692,0.059785638
2023-08-04 10:00:00,35.9673,14.5692,0.05341002
2023-08-04 11:00:00,35.9673,14.5692,0.045502704
2023-08-04 12:00:00,35.9673,14.5692,0.036692083
2023-08-04 13:00:00,35.9673,14.5692,0.028513279
2023-08-04 14:00:00,35.9673,14.5692,0.020778984
2023-08-04 15:00:00,35.9673,14.5692,0.014210164
2023-08-04 16:00:00,35.9673,14.5692,0.008136652
2023-08-04 17:00:00,35.9673,14.5692,0.0015902617
2023-08-04 18:00:00,35.9673,14.5692,-0.0050816494
2023-08-04 19:00:00,35.9673,14.5692,-0.01182634
2023-08-04 20:00:00,35.9673,14.5692,-0.017688595
2023-08-04 21:00:00,35.9673,14.5692,-0.023054425
2023-08-04 22:00:00,35.9673,14.5692,-0.027783547
2023-08-04 23:00:00,35.9673,14.5692,-0.031618748
2023-08-04 00:00:00,35.9896,14.4475,0.065888606
2023-08-04 01:00:00,35.9896,14.4475,0.078060456
2023-08-04 02:00:00,35.9896,14.4475,0.08618137
2023-08-04 03:00:00,35.9896,14.4475,0.09092896
2023-08-04 04:00:00,35.9896,14.4475,0.093563475
2023-08-04 05:00:00,35.9896,14.4475,0.095156185
2023-08-04 06:00:00,35.9896,14.4475,0.09616564
2023-08-04 07:00:00,35.9896,14.4475,0.096818075
2023-08-04 08:00:00,35.9896,14.4475,0.097233646
2023-08-04 09:00:00,35.9896,14.4475,0.09749652
2023-08-04 10:00:00,35.9896,14.4475,0.097674526
2023-08-04 11:00:00,35.9896,14.4475,0.09781938
2023-08-04 12:00:00,35.9896,14.4475,0.09796407
2023-08-04 13:00:00,35.9896,14.4475,0.09812337
2023-08-04 14:00:00,35.9896,14.4475,0.09829776
2023-08-04 15:00:00,35.9896,14.4475,0.09847903
2023-08-04 16:00:00,35.9896,14.4475,0.09865578
2023-08-04 17:00:00,35.9896,14.4475,0.09881759
2023-08-04 18:00:00,35.9896,14.4475,0.09895745
2023-08-04 19:00:00,35.9896,14.4475,0.09907241
2023-08-04 20:00:00,35.9896,14.4475,0.09916305
2023-08-04 21:00:00,35.9896,14.4475,0.09923237
2023-08-04 22:00:00,35.9896,14.4475,0.09928445
2023-08-04 23:00:00,35.9896,14.4475,0.09932337
2023-08-04 00:00:00,35.9896,14.488,0.025016462
2023-08-04 01:00:00,35.9896,14.488,0.035740495
2023-08-04 02:00:00,35.9896,14.488,0.0428038
2023-08-04 03:00:00,35.9896,14.488,0.04803797
2023-08-04 04:00:00,35.9896,14.488,0.051228434
2023-08-04 05:00:00,35.9896,14.488,0.052102063
2023-08-04 06:00:00,35.9896,14.488,0.0511233
2023-08-04 07:00:00,35.9896,14.488,0.04859942
2023-08-04 08:00:00,35.9896,14.488,0.04493163
2023-08-04 09:00:00,35.9896,14.488,0.039975975
2023-08-04 10:00:00,35.9896,14.488,0.034934446
2023-08-04 11:00:00,35.9896,14.488,0.030613413
2023-08-04 12:00:00,35.9896,14.488,0.027037833
2023-08-04 13:00:00,35.9896,14.488,0.024280077
2023-08-04 14:00:00,35.9896,14.488,0.022417674
2023-08-04 15:00:00,35.9896,14.488,0.02118462
2023-08-04 16:00:00,35.9896,14.488,0.020480117
2023-08-04 17:00:00,35.9896,14.488,0.020203257
2023-08-04 18:00:00,35.9896,14.488,0.020268817
2023-08-04 19:00:00,35.9896,14.488,0.020569427
2023-08-04 20:00:00,35.9896,14.488,0.021003503
2023-08-04 21:00:00,35.9896,14.488,0.021481346
2023-08-04 22:00:00,35.9896,14.488,0.02188493
2023-08-04 23:00:00,35.9896,14.488,0.02216837
2023-08-04 00:00:00,35.9896,14.5286,0.026414134
2023-08-04 01:00:00,35.9896,14.5286,0.04242348
2023-08-04 02:00:00,35.9896,14.5286,0.058442347
2023-08-04 03:00:00,35.9896,14.5286,0.07002778
2023-08-04 04:00:00,35.9896,14.5286,0.07986027
2023-08-04 05:00:00,35.9896,14.5286,0.08799873
2023-08-04 06:00:00,35.9896,14.5286,0.09427888
2023-08-04 07:00:00,35.9896,14.5286,0.098717116
2023-08-04 08:00:00,35.9896,14.5286,0.10178052
2023-08-04 09:00:00,35.9896,14.5286,0.10395649
2023-08-04 10:00:00,35.9896,14.5286,0.1056637
2023-08-04 11:00:00,35.9896,14.5286,0.10698424
2023-08-04 12:00:00,35.9896,14.5286,0.10814192
2023-08-04 13:00:00,35.9896,14.5286,0.10920604
2023-08-04 14:00:00,35.9896,14.5286,0.11034355
2023-08-04 15:00:00,35.9896,14.5286,0.11163192
2023-08-04 16:00:00,35.9896,14.5286,0.113101184
2023-08-04 17:00:00,35.9896,14.5286,0.1147432
2023-08-04 18:00:00,35.9896,14.5286,0.116523854
2023-08-04 19:00:00,35.9896,14.5286,0.118371435
2023-08-04 20:00:00,35.9896,14.5286,0.120159835
2023-08-04 21:00:00,35.9896,14.5286,0.121862724
2023-08-04 22:00:00,35.9896,14.5286,0.12344963
2023-08-04 23:00:00,35.9896,14.5286,0.12490297
2023-08-04 00:00:00,35.9896,14.5692,0.03931335
2023-08-04 01:00:00,35.9896,14.5692,0.051671404
2023-08-04 02:00:00,35.9896,14.5692,0.06166382
2023-08-04 03:00:00,35.9896,14.5692,0.06966046
2023-08-04 04:00:00,35.9896,14.5692,0.07494443
2023-08-04 05:00:00,35.9896,14.5692,0.07776527
2023-08-04 06:00:00,35.9896,14.5692,0.07869372
2023-08-04 07:00:00,35.9896,14.5692,0.07816321
2023-08-04 08:00:00,35.9896,14.5692,0.076379225
2023-08-04 09:00:00,35.9896,14.5692,0.07367382
2023-08-04 10:00:00,35.9896,14.5692,0.06989038
2023-08-04 11:00:00,35.9896,14.5692,0.06522504
2023-08-04 12:00:00,35.9896,14.5692,0.05996918
2023-08-04 13:00:00,35.9896,14.5692,0.054615572
2023-08-04 14:00:00,35.9896,14.5692,0.04891693
2023-08-04 15:00:00,35.9896,14.5692,0.04263329
2023-08-04 16:00:00,35.9896,14.5692,0.035718504
2023-08-04 17:00:00,35.9896,14.5692,0.02996917
2023-08-04 18:00:00,35.9896,14.5692,0.02692755
2023-08-04 19:00:00,35.9896,14.5692,0.025771067
2023-08-04 20:00:00,35.9896,14.5692,0.025818463
2023-08-04 21:00:00,35.9896,14.5692,0.026606694
2023-08-04 22:00:00,35.9896,14.5692,0.027685642
2023-08-04 23:00:00,35.9896,14.5692,0.028753739
2023-08-04 00:00:00,36.0119,14.4475,0.010367438
2023-08-04 01:00:00,36.0119,14.4475,0.032414846
2023-08-04 02:00:00,36.0119,14.4475,0.04775325
2023-08-04 03:00:00,36.0119,14.4475,0.05361075
2023-08-04 04:00:00,36.0119,14.4475,0.05395496
2023-08-04 05:00:00,36.0119,14.4475,0.050517272
2023-08-04 06:00:00,36.0119,14.4475,0.044797573
2023-08-04 07:00:00,36.0119,14.4475,0.038373757
2023-08-04 08:00:00,36.0119,14.4475,0.032631084
2023-08-04 09:00:00,36.0119,14.4475,0.028432723
2023-08-04 10:00:00,36.0119,14.4475,0.026246341
2023-08-04 11:00:00,36.0119,14.4475,0.025824819
2023-08-04 12:00:00,36.0119,14.4475,0.026543897
2023-08-04 13:00:00,36.0119,14.4475,0.027855683
2023-08-04 14:00:00,36.0119,14.4475,0.029462751
2023-08-04 15:00:00,36.0119,14.4475,0.031115003
2023-08-04 16:00:00,36.0119,14.4475,0.03254222
2023-08-04 17:00:00,36.0119,14.4475,0.033639412
2023-08-04 18:00:00,36.0119,14.4475,0.03435726
2023-08-04 19:00:00,36.0119,14.4475,0.03471407
2023-08-04 20:00:00,36.0119,14.4475,0.03477894
2023-08-04 21:00:00,36.0119,14.4475,0.034643266
2023-08-04 22:00:00,36.0119,14.4475,0.034400582
2023-08-04 23:00:00,36.0119,14.4475,0.034131736
2023-08-04 00:00:00,36.0119,14.488,0.014834239
2023-08-04 01:00:00,36.0119,14.488,0.02237576
2023-08-04 02:00:00,36.0119,14.488,0.026297802
2023-08-04 03:00:00,36.0119,14.488,0.027482286
2023-08-04 04:00:00,36.0119,14.488,0.026944026
2023-08-04 05:00:00,36.0119,14.488,0.025960458
2023-08-04 06:00:00,36.0119,14.488,0.024988502
2023-08-04 07:00:00,36.0119,14.488,0.024069179
2023-08-04 08:00:00,36.0119,14.488,0.023179915
2023-08-04 09:00:00,36.0119,14.488,0.022484785
2023-08-04 10:00:00,36.0119,14.488,0.021978147
2023-08-04 11:00:00,36.0119,14.488,0.021665944
2023-08-04 12:00:00,36.0119,14.488,0.021519044
2023-08-04 13:00:00,36.0119,14.488,0.021497406
2023-08-04 14:00:00,36.0119,14.488,0.021560535
2023-08-04 15:00:00,36.0119,14.488,0.021672843
2023-08-04 16:00:00,36.0119,14.488,0.021806076
2023-08-04 17:00:00,36.0119,14.488,0.021939836
2023-08-04 18:00:00,36.0119,14.488,0.022060908
2023-08-04 19:00:00,36.0119,14.488,0.02214835
2023-08-04 20:00:00,36.0119,14.488,0.022207474
2023-08-04 21:00:00,36.0119,14.488,0.022243693
2023-08-04 22:00:00,36.0119,14.488,0.022262212
2023-08-04 23:00:00,36.0119,14.488,0.022267962
2023-08-04 00:00:00,36.0119,14.5286,0.009344807
2023-08-04 01:00:00,36.0119,14.5286,0.015992943
2023-08-04 02:00:00,36.0119,14.5286,0.022350157
2023-08-04 03:00:00,36.0119,14.5286,0.028455421
2023-08-04 04:00:00,36.0119,14.5286,0.031044416
2023-08-04 05:00:00,36.0119,14.5286,0.029923495
2023-08-04 06:00:00,36.0119,14.5286,0.026113592
2023-08-04 07:00:00,36.0119,14.5286,0.020781826
2023-08-04 08:00:00,36.0119,14.5286,0.013063962
2023-08-04 09:00:00,36.0119,14.5286,0.0037982417
2023-08-04 10:00:00,36.0119,14.5286,-0.005757583
2023-08-04 11:00:00,36.0119,14.5286,-0.013960937
2023-08-04 12:00:00,36.0119,14.5286,-0.019268868
2023-08-04 13:00:00,36.0119,14.5286,-0.023515573
2023-08-04 14:00:00,36.0119,14.5286,-0.026649205
2023-08-04 15:00:00,36.0119,14.5286,-0.028641028
2023-08-04 16:00:00,36.0119,14.5286,-0.029584303
2023-08-04 17:00:00,36.0119,14.5286,-0.02967342
2023-08-04 18:00:00,36.0119,14.5286,-0.029140826
2023-08-04 19:00:00,36.0119,14.5286,-0.028224165
2023-08-04 20:00:00,36.0119,14.5286,-0.027145494
2023-08-04 21:00:00,36.0119,14.5286,-0.026095737
2023-08-04 22:00:00,36.0119,14.5286,-0.025224583
2023-08-04 23:00:00,36.0119,14.5286,-0.024635581
2023-08-04 00:00:00,36.0119,14.5692,0.03864124
2023-08-04 01:00:00,36.0119,14.5692,0.053640198
2023-08-04 02:00:00,36.0119,14.5692,0.06979036
2023-08-04 03:00:00,36.0119,14.5692,0.08003766
2023-08-04 04:00:00,36.0119,14.5692,0.08700982
2023-08-04 05:00:00,36.0119,14.5692,0.091847114
2023-08-04 06:00:00,36.0119,14.5692,0.09452985
2023-08-04 07:00:00,36.0119,14.5692,0.09504865
2023-08-04 08:00:00,36.0119,14.5692,0.0937145
2023-08-04 09:00:00,36.0119,14.5692,0.0909926
2023-08-04 10:00:00,36.0119,14.5692,0.08702512
2023-08-04 11:00:00,36.0119,14.5692,0.081931725
2023-08-04 12:00:00,36.0119,14.5692,0.07629966
2023-08-04 13:00:00,36.0119,14.5692,0.07057567
2023-08-04 14:00:00,36.0119,14.5692,0.06515019
2023-08-04 15:00:00,36.0119,14.5692,0.060468383
2023-08-04 16:00:00,36.0119,14.5692,0.05667639
2023-08-04 17:00:00,36.0119,14.5692,0.05380186
2023-08-04 18:00:00,36.0119,14.5692,0.051827557
2023-08-04 19:00:00,36.0119,14.5692,0.050697766
2023-08-04 20:00:00,36.0119,14.5692,0.050300155
2023-08-04 21:00:00,36.0119,14.5692,0.05049998
2023-08-04 22:00:00,36.0119,14.5692,0.051188707
2023-08-04 23:00:00,36.0119,14.5692,0.052213196
2023-08-04 00:00:00,36.0341,14.4475,0.0041054413
2023-08-04 01:00:00,36.0341,14.4475,0.013992375
2023-08-04 02:00:00,36.0341,14.4475,0.026315046
2023-08-04 03:00:00,36.0341,14.4475,0.035896324
2023-08-04 04:00:00,36.0341,14.4475,0.04237347
2023-08-04 05:00:00,36.0341,14.4475,0.04554923
2023-08-04 06:00:00,36.0341,14.4475,0.045830213
2023-08-04 07:00:00,36.0341,14.4475,0.043233603
2023-08-04 08:00:00,36.0341,14.4475,0.03906161
2023-08-04 09:00:00,36.0341,14.4475,0.034164745
2023-08-04 10:00:00,36.0341,14.4475,0.028922431
2023-08-04 11:00:00,36.0341,14.4475,0.023870828
2023-08-04 12:00:00,36.0341,14.4475,0.018762937
2023-08-04 13:00:00,36.0341,14.4475,0.01348171
2023-08-04 14:00:00,36.0341,14.4475,0.009419935
2023-08-04 15:00:00,36.0341,14.4475,0.007285433
2023-08-04 16:00:00,36.0341,14.4475,0.006603891
2023-08-04 17:00:00,36.0341,14.4475,0.0070123514
2023-08-04 18:00:00,36.0341,14.4475,0.007993829
2023-08-04 19:00:00,36.0341,14.4475,0.009251634
2023-08-04 20:00:00,36.0341,14.4475,0.0107605755
2023-08-04 21:00:00,36.0341,14.4475,0.012252086
2023-08-04 22:00:00,36.0341,14.4475,0.013513038
2023-08-04 23:00:00,36.0341,14.4475,0.014408557
2023-08-04 00:00:00,36.0341,14.488,0.0029455717
2023-08-04 01:00:00,36.0341,14.488,0.033672586
2023-08-04 02:00:00,36.0341,14.488,0.053773995
2023-08-04 03:00:00,36.0341,14.488,0.065099016
2023-08-04 04:00:00,36.0341,14.488,0.07167007
2023-08-04 05:00:00,36.0341,14.488,0.074800946
2023-08-04 06:00:00,36.0341,14.488,0.07550425
2023-08-04 07:00:00,36.0341,14.488,0.07414331
2023-08-04 08:00:00,36.0341,14.488,0.07049648
2023-08-04 09:00:00,36.0341,14.488,0.06568937
2023-08-04 10:00:00,36.0341,14.488,0.06043806
2023-08-04 11:00:00,36.0341,14.488,0.05542846
2023-08-04 12:00:00,36.0341,14.488,0.051165286
2023-08-04 13:00:00,36.0341,14.488,0.047955856
2023-08-04 14:00:00,36.0341,14.488,0.04581112
2023-08-04 15:00:00,36.0341,14.488,0.0448955
2023-08-04 16:00:00,36.0341,14.488,0.04521724
2023-08-04 17:00:00,36.0341,14.488,0.04656551
2023-08-04 18:00:00,36.0341,14.488,0.04868787
2023-08-04 19:00:00,36.0341,14.488,0.051146254
2023-08-04 20:00:00,36.0341,14.488,0.05356403
2023-08-04 21:00:00,36.0341,14.488,0.055845745
2023-08-04 22:00:00,36.0341,14.488,0.057779174
2023-08-04 23:00:00,36.0341,14.488,0.059243795
2023-08-04 00:00:00,36.0341,14.5286,0.011229417
2023-08-04 01:00:00,36.0341,14.5286,0.04294392
2023-08-04 02:00:00,36.0341,14.5286,0.05971374
2023-08-04 03:00:00,36.0341,14.5286,0.07330772
2023-08-04 04:00:00,36.0341,14.5286,0.08075169
2023-08-04 05:00:00,36.0341,14.5286,0.08189975
2023-08-04 06:00:00,36.0341,14.5286,0.0763585
2023-08-04 07:00:00,36.0341,14.5286,0.06408788
2023-08-04 08:00:00,36.0341,14.5286,0.046235617
2023-08-04 09:00:00,36.0341,14.5286,0.033087414
2023-08-04 10:00:00,36.0341,14.5286,0.023183836
2023-08-04 11:00:00,36.0341,14.5286,0.016309004
2023-08-04 12:00:00,36.0341,14.5286,0.0124392
2023-08-04 13:00:00,36.0341,14.5286,0.01166019
2023-08-04 14:00:00,36.0341,14.5286,0.0135237705
2023-08-04 15:00:00,36.0341,14.5286,0.016882243
2023-08-04 16:00:00,36.0341,14.5286,0.021978727
2023-08-04 17:00:00,36.0341,14.5286,0.027434874
2023-08-04 18:00:00,36.0341,14.5286,0.032480188
2023-08-04 19:00:00,36.0341,14.5286,0.03666332
2023-08-04 20:00:00,36.0341,14.5286,0.039662722
2023-08-04 21:00:00,36.0341,14.5286,0.041277915
2023-08-04 22:00:00,36.0341,14.5286,0.041231923
2023-08-04 23:00:00,36.0341,14.5286,0.04028139
2023-08-04 00:00:00,36.0341,14.5692,-0.0037406813
2023-08-04 01:00:00,36.0341,14.5692,0.016112026
2023-08-04 02:00:00,36.0341,14.5692,0.026524203
2023-08-04 03:00:00,36.0341,14.5692,0.03925067
2023-08-04 04:00:00,36.0341,14.5692,0.051171646
2023-08-04 05:00:00,36.0341,14.5692,0.06029306
2023-08-04 06:00:00,36.0341,14.5692,0.067500055
2023-08-04 07:00:00,36.0341,14.5692,0.07227929
2023-08-04 08:00:00,36.0341,14.5692,0.07410097
2023-08-04 09:00:00,36.0341,14.5692,0.07344031
2023-08-04 10:00:00,36.0341,14.5692,0.07058473
2023-08-04 11:00:00,36.0341,14.5692,0.065578535
2023-08-04 12:00:00,36.0341,14.5692,0.058708295
2023-08-04 13:00:00,36.0341,14.5692,0.049699333
2023-08-04 14:00:00,36.0341,14.5692,0.038394947
2023-08-04 15:00:00,36.0341,14.5692,0.026632307
2023-08-04 16:00:00,36.0341,14.5692,0.015992472
2023-08-04 17:00:00,36.0341,14.5692,0.0061589666
2023-08-04 18:00:00,36.0341,14.5692,-0.00091513805
2023-08-04 19:00:00,36.0341,14.5692,-0.004187664
2023-08-04 20:00:00,36.0341,14.5692,-0.0052119438
2023-08-04 21:00:00,36.0341,14.5692,-0.0046673063
2023-08-04 22:00:00,36.0341,14.5692,-0.0029537026
2023-08-04 23:00:00,36.0341,14.5692,-0.0005427897
2023-08-04 00:00:00,36.0564,14.4475,-0.019235978
2023-08-04 01:00:00,36.0564,14.4475,-0.007889663
2023-08-04 02:00:00,36.0564,14.4475,0.00043766946
2023-08-04 03:00:00,36.0564,14.4475,0.0041628946
2023-08-04 04:00:00,36.0564,14.4475,0.0045779683
2023-08-04 05:00:00,36.0564,14.4475,0.0030183587
2023-08-04 06:00:00,36.0564,14.4475,0.00060244766
2023-08-04 07:00:00,36.0564,14.4475,-0.0020949475
2023-08-04 08:00:00,36.0564,14.4475,-0.004607724
2023-08-04 09:00:00,36.0564,14.4475,-0.006190003
2023-08-04 10:00:00,36.0564,14.4475,-0.0073195994
2023-08-04 11:00:00,36.0564,14.4475,-0.008064053
2023-08-04 12:00:00,36.0564,14.4475,-0.008438438
2023-08-04 13:00:00,36.0564,14.4475,-0.008481698
2023-08-04 14:00:00,36.0564,14.4475,-0.008285481
2023-08-04 15:00:00,36.0564,14.4475,-0.007971714
2023-08-04 16:00:00,36.0564,14.4475,-0.0076025324
2023-08-04 17:00:00,36.0564,14.4475,-0.0072192345
2023-08-04 18:00:00,36.0564,14.4475,-0.006867728
2023-08-04 19:00:00,36.0564,14.4475,-0.0065745926
2023-08-04 20:00:00,36.0564,14.4475,-0.006352093
2023-08-04 21:00:00,36.0564,14.4475,-0.00620135
2023-08-04 22:00:00,36.0564,14.4475,-0.006138931
2023-08-04 23:00:00,36.0564,14.4475,-0.00613207
2023-08-04 00:00:00,36.0564,14.488,-0.018308751
2023-08-04 01:00:00,36.0564,14.488,0.009389291
2023-08-04 02:00:00,36.0564,14.488,0.03842369
2023-08-04 03:00:00,36.0564,14.488,0.058655243
2023-08-04 04:00:00,36.0564,14.488,0.069715604
2023-08-04 05:00:00,36.0564,14.488,0.075200334
2023-08-04 06:00:00,36.0564,14.488,0.07689793
2023-08-04 07:00:00,36.0564,14.488,0.07642964
2023-08-04 08:00:00,36.0564,14.488,0.07498006
2023-08-04 09:00:00,36.0564,14.488,0.07304005
2023-08-04 10:00:00,36.0564,14.488,0.0708044
2023-08-04 11:00:00,36.0564,14.488,0.068950996
2023-08-04 12:00:00,36.0564,14.488,0.06786625
2023-08-04 13:00:00,36.0564,14.488,0.06766934
2023-08-04 14:00:00,36.0564,14.488,0.06830724
2023-08-04 15:00:00,36.0564,14.488,0.0699051
2023-08-04 16:00:00,36.0564,14.488,0.07238397
2023-08-04 17:00:00,36.0564,14.488,0.07517579
2023-08-04 18:00:00,36.0564,14.488,0.07801906
2023-08-04 19:00:00,36.0564,14.488,0.08052479
2023-08-04 20:00:00,36.0564,14.488,0.08242177
2023-08-04 21:00:00,36.0564,14.488,0.08373597
2023-08-04 22:00:00,36.0564,14.488,0.0845156
2023-08-04 23:00:00,36.0564,14.488,0.084850386
2023-08-04 00:00:00,36.0564,14.5286,-0.05371626
2023-08-04 01:00:00,36.0564,14.5286,-0.032607794
2023-08-04 02:00:00,36.0564,14.5286,-0.016812224
2023-08-04 03:00:00,36.0564,14.5286,-0.0064824815
2023-08-04 04:00:00,36.0564,14.5286,0.0015434404
2023-08-04 05:00:00,36.0564,14.5286,0.0064742886
2023-08-04 06:00:00,36.0564,14.5286,0.008557742
2023-08-04 07:00:00,36.0564,14.5286,0.007713237
2023-08-04 08:00:00,36.0564,14.5286,0.003662353
2023-08-04 09:00:00,36.0564,14.5286,-0.0026526689
2023-08-04 10:00:00,36.0564,14.5286,-0.009312054
2023-08-04 11:00:00,36.0564,14.5286,-0.015119204
2023-08-04 12:00:00,36.0564,14.5286,-0.021013536
2023-08-04 13:00:00,36.0564,14.5286,-0.025848266
2023-08-04 14:00:00,36.0564,14.5286,-0.029619023
2023-08-04 15:00:00,36.0564,14.5286,-0.032399848
2023-08-04 16:00:00,36.0564,14.5286,-0.034001302
2023-08-04 17:00:00,36.0564,14.5286,-0.03442972
2023-08-04 18:00:00,36.0564,14.5286,-0.033774808
2023-08-04 19:00:00,36.0564,14.5286,-0.032208543
2023-08-04 20:00:00,36.0564,14.5286,-0.030105349
2023-08-04 21:00:00,36.0564,14.5286,-0.027891241
2023-08-04 22:00:00,36.0564,14.5286,-0.025766097
2023-08-04 23:00:00,36.0564,14.5286,-0.023726322
2023-08-04 00:00:00,36.0564,14.5692,-0.044879146
2023-08-04 01:00:00,36.0564,14.5692,-0.032232434
2023-08-04 02:00:00,36.0564,14.5692,-0.013845226
2023-08-04 03:00:00,36.0564,14.5692,0.0055949856
2023-08-04 04:00:00,36.0564,14.5692,0.017434489
2023-08-04 05:00:00,36.0564,14.5692,0.024795437
2023-08-04 06:00:00,36.0564,14.5692,0.029313462
2023-08-04 07:00:00,36.0564,14.5692,0.030568764
2023-08-04 08:00:00,36.0564,14.5692,0.028752139
2023-08-04 09:00:00,36.0564,14.5692,0.023828628
2023-08-04 10:00:00,36.0564,14.5692,0.018036272
2023-08-04 11:00:00,36.0564,14.5692,0.013165403
2023-08-04 12:00:00,36.0564,14.5692,0.009798606
2023-08-04 13:00:00,36.0564,14.5692,0.0065422393
2023-08-04 14:00:00,36.0564,14.5692,0.0036629606
2023-08-04 15:00:00,36.0564,14.5692,0.0010215808
2023-08-04 16:00:00,36.0564,14.5692,-0.00086807646
2023-08-04 17:00:00,36.0564,14.5692,-0.0019639637
2023-08-04 18:00:00,36.0564,14.5692,-0.0023101475
2023-08-04 19:00:00,36.0564,14.5692,-0.0019237902
2023-08-04 20:00:00,36.0564,14.5692,-0.0008895062
2023-08-04 21:00:00,36.0564,14.5692,0.00066401437
2023-08-04 22:00:00,36.0564,14.5692,0.0025828574
2023-08-04 23:00:00,36.0564,14.5692,0.0047470424
2023-08-04 00:00:00,36.0787,14.3664,0.05281438
2023-08-04 01:00:00,36.0787,14.3664,0.032256987
2023-08-04 02:00:00,36.0787,14.3664,0.008571492
2023-08-04 03:00:00,36.0787,14.3664,-0.012596134
2023-08-04 04:00:00,36.0787,14.3664,-0.03134098
2023-08-04 05:00:00,36.0787,14.3664,-0.046805657
2023-08-04 06:00:00,36.0787,14.3664,-0.059051953
2023-08-04 07:00:00,36.0787,14.3664,-0.06779941
2023-08-04 08:00:00,36.0787,14.3664,-0.073608555
2023-08-04 09:00:00,36.0787,14.3664,-0.07745976
2023-08-04 10:00:00,36.0787,14.3664,-0.08003737
2023-08-04 11:00:00,36.0787,14.3664,-0.08185316
2023-08-04 12:00:00,36.0787,14.3664,-0.08324684
2023-08-04 13:00:00,36.0787,14.3664,-0.08442118
2023-08-04 14:00:00,36.0787,14.3664,-0.08548088
2023-08-04 15:00:00,36.0787,14.3664,-0.08646762
2023-08-04 16:00:00,36.0787,14.3664,-0.08738769
2023-08-04 17:00:00,36.0787,14.3664,-0.088231474
2023-08-04 18:00:00,36.0787,14.3664,-0.08898615
2023-08-04 19:00:00,36.0787,14.3664,-0.08964249
2023-08-04 20:00:00,36.0787,14.3664,-0.09019761
2023-08-04 21:00:00,36.0787,14.3664,-0.09065517
2023-08-04 22:00:00,36.0787,14.3664,-0.091023944
2023-08-04 23:00:00,36.0787,14.3664,-0.09131589
2023-08-04 00:00:00,36.0787,14.4069,-0.04739325
2023-08-04 01:00:00,36.0787,14.4069,-0.042838257
2023-08-04 02:00:00,36.0787,14.4069,-0.040698215
2023-08-04 03:00:00,36.0787,14.4069,-0.039628603
2023-08-04 04:00:00,36.0787,14.4069,-0.03934046
2023-08-04 05:00:00,36.0787,14.4069,-0.03956463
2023-08-04 06:00:00,36.0787,14.4069,-0.040071126
2023-08-04 07:00:00,36.0787,14.4069,-0.040723227
2023-08-04 08:00:00,36.0787,14.4069,-0.041443083
2023-08-04 09:00:00,36.0787,14.4069,-0.042112548
2023-08-04 10:00:00,36.0787,14.4069,-0.042620927
2023-08-04 11:00:00,36.0787,14.4069,-0.042961024
2023-08-04 12:00:00,36.0787,14.4069,-0.043153323
2023-08-04 13:00:00,36.0787,14.4069,-0.043227784
2023-08-04 14:00:00,36.0787,14.4069,-0.04321761
2023-08-04 15:00:00,36.0787,14.4069,-0.04315338
2023-08-04 16:00:00,36.0787,14.4069,-0.043060455
2023-08-04 17:00:00,36.0787,14.4069,-0.042958017
2023-08-04 18:00:00,36.0787,14.4069,-0.04285917
2023-08-04 19:00:00,36.0787,14.4069,-0.04277179
2023-08-04 20:00:00,36.0787,14.4069,-0.04269963
2023-08-04 21:00:00,36.0787,14.4069,-0.042643547
2023-08-04 22:00:00,36.0787,14.4069,-0.042602498
2023-08-04 23:00:00,36.0787,14.4069,-0.042574365
2023-08-04 00:00:00,36.0787,14.4475,-0.04358603
2023-08-04 01:00:00,36.0787,14.4475,-0.020490974
2023-08-04 02:00:00,36.0787,14.4475,-0.0028069536
2023-08-04 03:00:00,36.0787,14.4475,0.009043841
2023-08-04 04:00:00,36.0787,14.4475,0.01681678
2023-08-04 05:00:00,36.0787,14.4475,0.021723768
2023-08-04 06:00:00,36.0787,14.4475,0.02508627
2023-08-04 07:00:00,36.0787,14.4475,0.027561152
2023-08-04 08:00:00,36.0787,14.4475,0.029359156
2023-08-04 09:00:00,36.0787,14.4475,0.030920448
2023-08-04 10:00:00,36.0787,14.4475,0.03259603
2023-08-04 11:00:00,36.0787,14.4475,0.034662887
2023-08-04 12:00:00,36.0787,14.4475,0.037733532
2023-08-04 13:00:00,36.0787,14.4475,0.04183983
2023-08-04 14:00:00,36.0787,14.4475,0.047188558
2023-08-04 15:00:00,36.0787,14.4475,0.053925328
2023-08-04 16:00:00,36.0787,14.4475,0.060336366
2023-08-04 17:00:00,36.0787,14.4475,0.06625376
2023-08-04 18:00:00,36.0787,14.4475,0.07163884
2023-08-04 19:00:00,36.0787,14.4475,0.0759217
2023-08-04 20:00:00,36.0787,14.4475,0.07917469
2023-08-04 21:00:00,36.0787,14.4475,0.08153211
2023-08-04 22:00:00,36.0787,14.4475,0.08311479
2023-08-04 23:00:00,36.0787,14.4475,0.08407942
2023-08-04 00:00:00,36.0787,14.488,-0.050537545
2023-08-04 01:00:00,36.0787,14.488,-0.011253338
2023-08-04 02:00:00,36.0787,14.488,0.017243166
2023-08-04 03:00:00,36.0787,14.488,0.04038967
2023-08-04 04:00:00,36.0787,14.488,0.05561356
2023-08-04 05:00:00,36.0787,14.488,0.0641401
2023-08-04 06:00:00,36.0787,14.488,0.06817917
2023-08-04 07:00:00,36.0787,14.488,0.06905347
2023-08-04 08:00:00,36.0787,14.488,0.06806041
2023-08-04 09:00:00,36.0787,14.488,0.06623213
2023-08-04 10:00:00,36.0787,14.488,0.064352624
2023-08-04 11:00:00,36.0787,14.488,0.06308505
2023-08-04 12:00:00,36.0787,14.488,0.06237904
2023-08-04 13:00:00,36.0787,14.488,0.062363353
2023-08-04 14:00:00,36.0787,14.488,0.06301691
2023-08-04 15:00:00,36.0787,14.488,0.06418521
2023-08-04 16:00:00,36.0787,14.488,0.06569146
2023-08-04 17:00:00,36.0787,14.488,0.06723814
2023-08-04 18:00:00,36.0787,14.488,0.06873072
2023-08-04 19:00:00,36.0787,14.488,0.070075884
2023-08-04 20:00:00,36.0787,14.488,0.07122395
2023-08-04 21:00:00,36.0787,14.488,0.07215723
2023-08-04 22:00:00,36.0787,14.488,0.0728825
2023-08-04 23:00:00,36.0787,14.488,0.07342306
2023-08-04 00:00:00,36.0787,14.5286,-0.07299762
2023-08-04 01:00:00,36.0787,14.5286,-0.044952735
2023-08-04 02:00:00,36.0787,14.5286,-0.011375481
2023-08-04 03:00:00,36.0787,14.5286,0.02167914
2023-08-04 04:00:00,36.0787,14.5286,0.056353398
2023-08-04 05:00:00,36.0787,14.5286,0.08294963
2023-08-04 06:00:00,36.0787,14.5286,0.10387794
2023-08-04 07:00:00,36.0787,14.5286,0.117830046
2023-08-04 08:00:00,36.0787,14.5286,0.1268528
2023-08-04 09:00:00,36.0787,14.5286,0.13219953
2023-08-04 10:00:00,36.0787,14.5286,0.13495915
2023-08-04 11:00:00,36.0787,14.5286,0.13584083
2023-08-04 12:00:00,36.0787,14.5286,0.13439506
2023-08-04 13:00:00,36.0787,14.5286,0.13152996
2023-08-04 14:00:00,36.0787,14.5286,0.12743966
2023-08-04 15:00:00,36.0787,14.5286,0.12293524
2023-08-04 16:00:00,36.0787,14.5286,0.11855065
2023-08-04 17:00:00,36.0787,14.5286,0.11470397
2023-08-04 18:00:00,36.0787,14.5286,0.111671895
2023-08-04 19:00:00,36.0787,14.5286,0.10960033
2023-08-04 20:00:00,36.0787,14.5286,0.108521864
2023-08-04 21:00:00,36.0787,14.5286,0.1083778
2023-08-04 22:00:00,36.0787,14.5286,0.109042116
2023-08-04 23:00:00,36.0787,14.5286,0.110345244
2023-08-04 00:00:00,36.0787,14.5692,-0.06494072
2023-08-04 01:00:00,36.0787,14.5692,-0.047461357
2023-08-04 02:00:00,36.0787,14.5692,-0.027260955
2023-08-04 03:00:00,36.0787,14.5692,-0.0036067776
2023-08-04 04:00:00,36.0787,14.5692,0.018428892
2023-08-04 05:00:00,36.0787,14.5692,0.03873854
2023-08-04 06:00:00,36.0787,14.5692,0.05941116
2023-08-04 07:00:00,36.0787,14.5692,0.07742958
2023-08-04 08:00:00,36.0787,14.5692,0.09023357
2023-08-04 09:00:00,36.0787,14.5692,0.098671526
2023-08-04 10:00:00,36.0787,14.5692,0.103948936
2023-08-04 11:00:00,36.0787,14.5692,0.107009366
2023-08-04 12:00:00,36.0787,14.5692,0.108489096
2023-08-04 13:00:00,36.0787,14.5692,0.108912826
2023-08-04 14:00:00,36.0787,14.5692,0.10868794
2023-08-04 15:00:00,36.0787,14.5692,0.10793927
2023-08-04 16:00:00,36.0787,14.5692,0.10692334
2023-08-04 17:00:00,36.0787,14.5692,0.105900854
2023-08-04 18:00:00,36.0787,14.5692,0.10501869
2023-08-04 19:00:00,36.0787,14.5692,0.10435785
2023-08-04 20:00:00,36.0787,14.5692,0.103948265
2023-08-04 21:00:00,36.0787,14.5692,0.10378268
2023-08-04 22:00:00,36.0787,14.5692,0.103829816
2023-08-04 23:00:00,36.0787,14.5692,0.10404514
2023-08-04 00:00:00,35.9451,14.5286,0.0074394937
2023-08-04 01:00:00,35.9451,14.5286,0.026626773
2023-08-04 02:00:00,35.9451,14.5286,0.040278204
2023-08-04 03:00:00,35.9451,14.5286,0.05482543
2023-08-04 04:00:00,35.9451,14.5286,0.06386769
2023-08-04 05:00:00,35.9451,14.5286,0.069497176
2023-08-04 06:00:00,35.9451,14.5286,0.07250467
2023-08-04 07:00:00,35.9451,14.5286,0.07367398
2023-08-04 08:00:00,35.9451,14.5286,0.07334759
2023-08-04 09:00:00,35.9451,14.5286,0.071992174
2023-08-04 10:00:00,35.9451,14.5286,0.07006248
2023-08-04 11:00:00,35.9451,14.5286,0.06796961
2023-08-04 12:00:00,35.9451,14.5286,0.06615161
2023-08-04 13:00:00,35.9451,14.5286,0.06495891
2023-08-04 14:00:00,35.9451,14.5286,0.06443824
2023-08-04 15:00:00,35.9451,14.5286,0.064684905
2023-08-04 16:00:00,35.9451,14.5286,0.06569311
2023-08-04 17:00:00,35.9451,14.5286,0.06727452
2023-08-04 18:00:00,35.9451,14.5286,0.06922338
2023-08-04 19:00:00,35.9451,14.5286,0.07138955
2023-08-04 20:00:00,35.9451,14.5286,0.07364795
2023-08-04 21:00:00,35.9451,14.5286,0.07586
2023-08-04 22:00:00,35.9451,14.5286,0.0779602
2023-08-04 23:00:00,35.9451,14.5286,0.079948746
2023-08-04 00:00:00,36.0341,14.4069,0.04925458
2023-08-04 01:00:00,36.0341,14.4069,0.043672975
2023-08-04 02:00:00,36.0341,14.4069,0.03706828
2023-08-04 03:00:00,36.0341,14.4069,0.030557945
2023-08-04 04:00:00,36.0341,14.4069,0.023509737
2023-08-04 05:00:00,36.0341,14.4069,0.018483257
2023-08-04 06:00:00,36.0341,14.4069,0.01542103
2023-08-04 07:00:00,36.0341,14.4069,0.014028089
2023-08-04 08:00:00,36.0341,14.4069,0.01376462
2023-08-04 09:00:00,36.0341,14.4069,0.014165158
2023-08-04 10:00:00,36.0341,14.4069,0.014848301
2023-08-04 11:00:00,36.0341,14.4069,0.015544971
2023-08-04 12:00:00,36.0341,14.4069,0.016147463
2023-08-04 13:00:00,36.0341,14.4069,0.01654888
2023-08-04 14:00:00,36.0341,14.4069,0.01672836
2023-08-04 15:00:00,36.0341,14.4069,0.016712572
2023-08-04 16:00:00,36.0341,14.4069,0.01655418
2023-08-04 17:00:00,36.0341,14.4069,0.016314447
2023-08-04 18:00:00,36.0341,14.4069,0.016050275
2023-08-04 19:00:00,36.0341,14.4069,0.015806202
2023-08-04 20:00:00,36.0341,14.4069,0.015610922
2023-08-04 21:00:00,36.0341,14.4069,0.015477387
2023-08-04 22:00:00,36.0341,14.4069,0.015405456
2023-08-04 23:00:00,36.0341,14.4069,0.015385791
2023-08-04 00:00:00,36.0564,14.4069,0.044333078
2023-08-04 01:00:00,36.0564,14.4069,0.02977785
2023-08-04 02:00:00,36.0564,14.4069,0.013775268
2023-08-04 03:00:00,36.0564,14.4069,0.005229489
2023-08-04 04:00:00,36.0564,14.4069,0.00025534397
2023-08-04 05:00:00,36.0564,14.4069,-0.0020787972
2023-08-04 06:00:00,36.0564,14.4069,-0.0027232012
2023-08-04 07:00:00,36.0564,14.4069,-0.002668736
2023-08-04 08:00:00,36.0564,14.4069,-0.002399655
2023-08-04 09:00:00,36.0564,14.4069,-0.0021861251
2023-08-04 10:00:00,36.0564,14.4069,-0.0021137306
2023-08-04 11:00:00,36.0564,14.4069,-0.002169839
2023-08-04 12:00:00,36.0564,14.4069,-0.0023052343
2023-08-04 13:00:00,36.0564,14.4069,-0.002469874
2023-08-04 14:00:00,36.0564,14.4069,-0.0026283078
2023-08-04 15:00:00,36.0564,14.4069,-0.0027621076
2023-08-04 16:00:00,36.0564,14.4069,-0.002866162
2023-08-04 17:00:00,36.0564,14.4069,-0.0029432145
2023-08-04 18:00:00,36.0564,14.4069,-0.0029991907
2023-08-04 19:00:00,36.0564,14.4069,-0.003040201
2023-08-04 20:00:00,36.0564,14.4069,-0.0030710734
2023-08-04 21:00:00,36.0564,14.4069,-0.0030950345
2023-08-04 22:00:00,36.0564,14.4069,-0.003113971
2023-08-04 23:00:00,36.0564,14.4069,-0.0031289225
2023-08-04 00:00:00,36.0119,14.4069,0.0767482
2023-08-04 01:00:00,36.0119,14.4069,0.07634434
2023-08-04 02:00:00,36.0119,14.4069,0.075968735
2023-08-04 03:00:00,36.0119,14.4069,0.075791694
2023-08-04 04:00:00,36.0119,14.4069,0.07586053
2023-08-04 05:00:00,36.0119,14.4069,0.076125436
2023-08-04 06:00:00,36.0119,14.4069,0.07650233
2023-08-04 07:00:00,36.0119,14.4069,0.07691126
2023-08-04 08:00:00,36.0119,14.4069,0.0772945
2023-08-04 09:00:00,36.0119,14.4069,0.07762188
2023-08-04 10:00:00,36.0119,14.4069,0.07788675
2023-08-04 11:00:00,36.0119,14.4069,0.07808666
2023-08-04 12:00:00,36.0119,14.4069,0.07822909
2023-08-04 13:00:00,36.0119,14.4069,0.07832474
2023-08-04 14:00:00,36.0119,14.4069,0.07838428
2023-08-04 15:00:00,36.0119,14.4069,0.07841683
2023-08-04 16:00:00,36.0119,14.4069,0.07842967
2023-08-04 17:00:00,36.0119,14.4069,0.078428276
2023-08-04 18:00:00,36.0119,14.4069,0.07841683
2023-08-04 19:00:00,36.0119,14.4069,0.0783985
2023-08-04 20:00:00,36.0119,14.4069,0.07837573
2023-08-04 21:00:00,36.0119,14.4069,0.07835046
2023-08-04 22:00:00,36.0119,14.4069,0.078324236
2023-08-04 23:00:00,36.0119,14.4069,0.078298256
2023-08-04 00:00:00,36.0341,14.3664,0.041683126
2023-08-04 01:00:00,36.0341,14.3664,0.030504446
2023-08-04 02:00:00,36.0341,14.3664,0.018843964
2023-08-04 03:00:00,36.0341,14.3664,0.0069883117
2023-08-04 04:00:00,36.0341,14.3664,-0.002659536
2023-08-04 05:00:00,36.0341,14.3664,-0.009786258
2023-08-04 06:00:00,36.0341,14.3664,-0.014000447
2023-08-04 07:00:00,36.0341,14.3664,-0.01664161
2023-08-04 08:00:00,36.0341,14.3664,-0.018222801
2023-08-04 09:00:00,36.0341,14.3664,-0.019113623
2023-08-04 10:00:00,36.0341,14.3664,-0.019643478
2023-08-04 11:00:00,36.0341,14.3664,-0.019921985
2023-08-04 12:00:00,36.0341,14.3664,-0.020103395
2023-08-04 13:00:00,36.0341,14.3664,-0.020235404
2023-08-04 14:00:00,36.0341,14.3664,-0.020338684
2023-08-04 15:00:00,36.0341,14.3664,-0.020422045
2023-08-04 16:00:00,36.0341,14.3664,-0.02049061
2023-08-04 17:00:00,36.0341,14.3664,-0.020548869
2023-08-04 18:00:00,36.0341,14.3664,-0.020601101
2023-08-04 19:00:00,36.0341,14.3664,-0.020650987
2023-08-04 20:00:00,36.0341,14.3664,-0.020701174
2023-08-04 21:00:00,36.0341,14.3664,-0.020753145
2023-08-04 22:00:00,36.0341,14.3664,-0.020807259
2023-08-04 23:00:00,36.0341,14.3664,-0.020863023
2023-08-04 00:00:00,36.0564,14.3664,0.04575978
2023-08-04 01:00:00,36.0564,14.3664,0.038393997
2023-08-04 02:00:00,36.0564,14.3664,0.031017698
2023-08-04 03:00:00,36.0564,14.3664,0.025989138
2023-08-04 04:00:00,36.0564,14.3664,0.02273928
2023-08-04 05:00:00,36.0564,14.3664,0.020199494
2023-08-04 06:00:00,36.0564,14.3664,0.017774398
2023-08-04 07:00:00,36.0564,14.3664,0.015281625
2023-08-04 08:00:00,36.0564,14.3664,0.012681732
2023-08-04 09:00:00,36.0564,14.3664,0.010092322
2023-08-04 10:00:00,36.0564,14.3664,0.007744479
2023-08-04 11:00:00,36.0564,14.3664,0.0055225194
2023-08-04 12:00:00,36.0564,14.3664,0.003550155
2023-08-04 13:00:00,36.0564,14.3664,0.0020254469
2023-08-04 14:00:00,36.0564,14.3664,0.0007852148
2023-08-04 15:00:00,36.0564,14.3664,-0.00016679615
2023-08-04 16:00:00,36.0564,14.3664,-0.00090741366
2023-08-04 17:00:00,36.0564,14.3664,-0.0015000552
2023-08-04 18:00:00,36.0564,14.3664,-0.0019811578
2023-08-04 19:00:00,36.0564,14.3664,-0.0023752712
2023-08-04 20:00:00,36.0564,14.3664,-0.00269912
2023-08-04 21:00:00,36.0564,14.3664,-0.0029669497
2023-08-04 22:00:00,36.0564,14.3664,-0.0031927023
2023-08-04 23:00:00,36.0564,14.3664,-0.0033897292
2023-08-04 00:00:00,35.9673,14.488,-0.016569095
2023-08-04 01:00:00,35.9673,14.488,0.0018498469
2023-08-04 02:00:00,35.9673,14.488,-0.0023972131
2023-08-04 03:00:00,35.9673,14.488,-0.008843048
2023-08-04 04:00:00,35.9673,14.488,-0.01371325
2023-08-04 05:00:00,35.9673,14.488,-0.017277265
2023-08-04 06:00:00,35.9673,14.488,-0.020133702
2023-08-04 07:00:00,35.9673,14.488,-0.0225422
2023-08-04 08:00:00,35.9673,14.488,-0.024601126
2023-08-04 09:00:00,35.9673,14.488,-0.026483467
2023-08-04 10:00:00,35.9673,14.488,-0.028071994
2023-08-04 11:00:00,35.9673,14.488,-0.029322663
2023-08-04 12:00:00,35.9673,14.488,-0.030252507
2023-08-04 13:00:00,35.9673,14.488,-0.03085141
2023-08-04 14:00:00,35.9673,14.488,-0.031211631
2023-08-04 15:00:00,35.9673,14.488,-0.031407095
2023-08-04 16:00:00,35.9673,14.488,-0.031454436
2023-08-04 17:00:00,35.9673,14.488,-0.031392172
2023-08-04 18:00:00,35.9673,14.488,-0.03125619
2023-08-04 19:00:00,35.9673,14.488,-0.031068692
2023-08-04 20:00:00,35.9673,14.488,-0.030851504
2023-08-04 21:00:00,35.9673,14.488,-0.030619936
2023-08-04 22:00:00,35.9673,14.488,-0.030384393
2023-08-04 23:00:00,35.9673,14.488,-0.030151403
2023-08-04 00:00:00,35.9896,14.4069,0.11044355
2023-08-04 01:00:00,35.9896,14.4069,0.10192464
2023-08-04 02:00:00,35.9896,14.4069,0.09755035
2023-08-04 03:00:00,35.9896,14.4069,0.09496079
2023-08-04 04:00:00,35.9896,14.4069,0.09360304
2023-08-04 05:00:00,35.9896,14.4069,0.0928374
2023-08-04 06:00:00,35.9896,14.4069,0.09227028
2023-08-04 07:00:00,35.9896,14.4069,0.09170831
2023-08-04 08:00:00,35.9896,14.4069,0.09109312
2023-08-04 09:00:00,35.9896,14.4069,0.09042967
2023-08-04 10:00:00,35.9896,14.4069,0.08974092
2023-08-04 11:00:00,35.9896,14.4069,0.08904588
2023-08-04 12:00:00,35.9896,14.4069,0.08835381
2023-08-04 13:00:00,35.9896,14.4069,0.08766666
2023-08-04 14:00:00,35.9896,14.4069,0.086983755
2023-08-04 15:00:00,35.9896,14.4069,0.08630568
2023-08-04 16:00:00,35.9896,14.4069,0.085635975
2023-08-04 17:00:00,35.9896,14.4069,0.08498125
2023-08-04 18:00:00,35.9896,14.4069,0.08434989
2023-08-04 19:00:00,35.9896,14.4069,0.0837193
2023-08-04 20:00:00,35.9896,14.4069,0.08309544
2023-08-04 21:00:00,35.9896,14.4069,0.082505494
2023-08-04 22:00:00,35.9896,14.4069,0.08196404
2023-08-04 23:00:00,35.9896,14.4069,0.081478074
2023-08-04 00:00:00,36.0119,14.3664,0.08411707
2023-08-04 01:00:00,36.0119,14.3664,0.08389482
2023-08-04 02:00:00,36.0119,14.3664,0.083537355
2023-08-04 03:00:00,36.0119,14.3664,0.08406438
2023-08-04 04:00:00,36.0119,14.3664,0.0859845
2023-08-04 05:00:00,36.0119,14.3664,0.089534
2023-08-04 06:00:00,36.0119,14.3664,0.09398882
2023-08-04 07:00:00,36.0119,14.3664,0.098750025
2023-08-04 08:00:00,36.0119,14.3664,0.10320681
2023-08-04 09:00:00,36.0119,14.3664,0.10668391
2023-08-04 10:00:00,36.0119,14.3664,0.108884394
2023-08-04 11:00:00,36.0119,14.3664,0.10982995
2023-08-04 12:00:00,36.0119,14.3664,0.109758645
2023-08-04 13:00:00,36.0119,14.3664,0.10900496
2023-08-04 14:00:00,36.0119,14.3664,0.107964024
2023-08-04 15:00:00,36.0119,14.3664,0.10698192
2023-08-04 16:00:00,36.0119,14.3664,0.10633299
2023-08-04 17:00:00,36.0119,14.3664,0.106216446
2023-08-04 18:00:00,36.0119,14.3664,0.10668045
2023-08-04 19:00:00,36.0119,14.3664,0.10764612
2023-08-04 20:00:00,36.0119,14.3664,0.10889432
2023-08-04 21:00:00,36.0119,14.3664,0.1102106
2023-08-04 22:00:00,36.0119,14.3664,0.11140184
2023-08-04 23:00:00,36.0119,14.3664,0.11231889
2023-08-04 00:00:00,35.9673,14.4475,0.15517846
2023-08-04 01:00:00,35.9673,14.4475,0.13399507
2023-08-04 02:00:00,35.9673,14.4475,0.122473426
2023-08-04 03:00:00,35.9673,14.4475,0.11670357
2023-08-04 04:00:00,35.9673,14.4475,0.11481781
2023-08-04 05:00:00,35.9673,14.4475,0.114273466
2023-08-04 06:00:00,35.9673,14.4475,0.11377269
2023-08-04 07:00:00,35.9673,14.4475,0.11276512
2023-08-04 08:00:00,35.9673,14.4475,0.11121374
2023-08-04 09:00:00,35.9673,14.4475,0.10932244
2023-08-04 10:00:00,35.9673,14.4475,0.107380494
2023-08-04 11:00:00,35.9673,14.4475,0.10566348
2023-08-04 12:00:00,35.9673,14.4475,0.10412009
2023-08-04 13:00:00,35.9673,14.4475,0.10272367
2023-08-04 14:00:00,35.9673,14.4475,0.10124705
2023-08-04 15:00:00,35.9673,14.4475,0.0997426
2023-08-04 16:00:00,35.9673,14.4475,0.09819907
2023-08-04 17:00:00,35.9673,14.4475,0.09659691
2023-08-04 18:00:00,35.9673,14.4475,0.094930604
2023-08-04 19:00:00,35.9673,14.4475,0.09320553
2023-08-04 20:00:00,35.9673,14.4475,0.09143623
2023-08-04 21:00:00,35.9673,14.4475,0.089643225
2023-08-04 22:00:00,35.9673,14.4475,0.087905094
2023-08-04 23:00:00,35.9673,14.4475,0.08622983
