time,lat,lon,v
2023-08-04 00:00:00,35.90060043334961,14.569199562072754,-0.043264285
2023-08-04 01:00:00,35.90060043334961,14.569199562072754,-0.067792356
2023-08-04 02:00:00,35.90060043334961,14.569199562072754,-0.07677309
2023-08-04 03:00:00,35.90060043334961,14.569199562072754,-0.07182854
2023-08-04 04:00:00,35.90060043334961,14.569199562072754,-0.05867403
2023-08-04 05:00:00,35.90060043334961,14.569199562072754,-0.05303075
2023-08-04 06:00:00,35.90060043334961,14.569199562072754,-0.038802687
2023-08-04 07:00:00,35.90060043334961,14.569199562072754,-0.044015326
2023-08-04 08:00:00,35.90060043334961,14.569199562072754,-0.049337827
2023-08-04 09:00:00,35.90060043334961,14.569199562072754,-0.049725294
2023-08-04 10:00:00,35.90060043334961,14.569199562072754,-0.04842957
2023-08-04 11:00:00,35.90060043334961,14.569199562072754,-0.047770448
2023-08-04 12:00:00,35.90060043334961,14.569199562072754,-0.047498375
2023-08-04 13:00:00,35.90060043334961,14.569199562072754,-0.04723219
2023-08-04 14:00:00,35.90060043334961,14.569199562072754,-0.039143946
2023-08-04 15:00:00,35.90060043334961,14.569199562072754,-0.0360252
2023-08-04 16:00:00,35.90060043334961,14.569199562072754,-0.045807965
2023-08-04 17:00:00,35.90060043334961,14.569199562072754,-0.040143974
2023-08-04 18:00:00,35.90060043334961,14.569199562072754,-0.04588759
2023-08-04 19:00:00,35.90060043334961,14.569199562072754,-0.048025705
2023-08-04 20:00:00,35.90060043334961,14.569199562072754,-0.04755774
2023-08-04 21:00:00,35.90060043334961,14.569199562072754,-0.061576754
2023-08-04 22:00:00,35.90060043334961,14.569199562072754,-0.06549199
2023-08-04 23:00:00,35.90060043334961,14.569199562072754,-0.06470132
2023-08-04 00:00:00,35.92279815673828,14.569199562072754,-0.021958025
2023-08-04 01:00:00,35.92279815673828,14.569199562072754,-0.04928845
2023-08-04 02:00:00,35.92279815673828,14.569199562072754,-0.06745249
2023-08-04 03:00:00,35.92279815673828,14.569199562072754,-0.0677307
2023-08-04 04:00:00,35.92279815673828,14.569199562072754,-0.04914184
2023-08-04 05:00:00,35.92279815673828,14.569199562072754,-0.04626418
2023-08-04 06:00:00,35.92279815673828,14.569199562072754,-0.022276962
2023-08-04 07:00:00,35.92279815673828,14.569199562072754,-0.011883926
2023-08-04 08:00:00,35.92279815673828,14.569199562072754,-0.017595053
2023-08-04 09:00:00,35.92279815673828,14.569199562072754,-0.021292359
2023-08-04 10:00:00,35.92279815673828,14.569199562072754,-0.022780012
2023-08-04 11:00:00,35.92279815673828,14.569199562072754,-0.023671743
2023-08-04 12:00:00,35.92279815673828,14.569199562072754,-0.02421327
2023-08-04 13:00:00,35.92279815673828,14.569199562072754,-0.024362937
2023-08-04 14:00:00,35.92279815673828,14.569199562072754,-0.031265333
2023-08-04 15:00:00,35.92279815673828,14.569199562072754,-0.02627129
2023-08-04 16:00:00,35.92279815673828,14.569199562072754,-0.019755086
2023-08-04 17:00:00,35.92279815673828,14.569199562072754,-0.0062584467
2023-08-04 18:00:00,35.92279815673828,14.569199562072754,-0.013043685
2023-08-04 19:00:00,35.92279815673828,14.569199562072754,-0.017526917
2023-08-04 20:00:00,35.92279815673828,14.569199562072754,-0.01859986
2023-08-04 21:00:00,35.92279815673828,14.569199562072754,-0.03571486
2023-08-04 22:00:00,35.92279815673828,14.569199562072754,-0.04358538
2023-08-04 23:00:00,35.92279815673828,14.569199562072754,-0.040981952
2023-08-04 00:00:00,35.945098876953125,14.569199562072754,-0.023376822
2023-08-04 01:00:00,35.945098876953125,14.569199562072754,-0.033747792
2023-08-04 02:00:00,35.945098876953125,14.569199562072754,-0.061983805
2023-08-04 03:00:00,35.945098876953125,14.569199562072754,-0.084597856
2023-08-04 04:00:00,35.945098876953125,14.569199562072754,-0.08890651
2023-08-04 05:00:00,35.945098876953125,14.569199562072754,-0.11186631
2023-08-04 06:00:00,35.945098876953125,14.569199562072754,-0.11091907
2023-08-04 07:00:00,35.945098876953125,14.569199562072754,-0.11273043
2023-08-04 08:00:00,35.945098876953125,14.569199562072754,-0.120936066
2023-08-04 09:00:00,35.945098876953125,14.569199562072754,-0.12504417
2023-08-04 10:00:00,35.945098876953125,14.569199562072754,-0.12813373
2023-08-04 11:00:00,35.945098876953125,14.569199562072754,-0.13053972
2023-08-04 12:00:00,35.945098876953125,14.569199562072754,-0.13236736
2023-08-04 13:00:00,35.945098876953125,14.569199562072754,-0.13378513
2023-08-04 14:00:00,35.945098876953125,14.569199562072754,-0.14611283
2023-08-04 15:00:00,35.945098876953125,14.569199562072754,-0.14781652
2023-08-04 16:00:00,35.945098876953125,14.569199562072754,-0.1505173
2023-08-04 17:00:00,35.945098876953125,14.569199562072754,-0.14745772
2023-08-04 18:00:00,35.945098876953125,14.569199562072754,-0.14968184
2023-08-04 19:00:00,35.945098876953125,14.569199562072754,-0.15114166
2023-08-04 20:00:00,35.945098876953125,14.569199562072754,-0.14586355
2023-08-04 21:00:00,35.945098876953125,14.569199562072754,-0.15219793
2023-08-04 22:00:00,35.945098876953125,14.569199562072754,-0.15109302
2023-08-04 23:00:00,35.945098876953125,14.569199562072754,-0.14365771
2023-08-04 00:00:00,35.96730041503906,14.528599739074709,0.012403149
2023-08-04 01:00:00,35.96730041503906,14.528599739074709,0.018540664
2023-08-04 02:00:00,35.96730041503906,14.528599739074709,-0.0016998406
2023-08-04 03:00:00,35.96730041503906,14.528599739074709,-0.012100012
2023-08-04 04:00:00,35.96730041503906,14.528599739074709,0.012466222
2023-08-04 05:00:00,35.96730041503906,14.528599739074709,-0.0034391368
2023-08-04 06:00:00,35.96730041503906,14.528599739074709,-0.00891321
2023-08-04 07:00:00,35.96730041503906,14.528599739074709,-0.018300071
2023-08-04 08:00:00,35.96730041503906,14.528599739074709,-0.022629976
2023-08-04 09:00:00,35.96730041503906,14.528599739074709,-0.024899606
2023-08-04 10:00:00,35.96730041503906,14.528599739074709,-0.025944088
2023-08-04 11:00:00,35.96730041503906,14.528599739074709,-0.06039887
2023-08-04 12:00:00,35.96730041503906,14.528599739074709,-0.054854654
2023-08-04 13:00:00,35.96730041503906,14.528599739074709,-0.062424846
2023-08-04 14:00:00,35.96730041503906,14.528599739074709,-0.070721544
2023-08-04 15:00:00,35.96730041503906,14.528599739074709,-0.070864245
2023-08-04 16:00:00,35.96730041503906,14.528599739074709,-0.07136892
2023-08-04 17:00:00,35.96730041503906,14.528599739074709,-0.07158944
2023-08-04 18:00:00,35.96730041503906,14.528599739074709,-0.06876053
2023-08-04 19:00:00,35.96730041503906,14.528599739074709,-0.068526864
2023-08-04 20:00:00,35.96730041503906,14.528599739074709,-0.061015867
2023-08-04 21:00:00,35.96730041503906,14.528599739074709,-0.059268788
2023-08-04 22:00:00,35.96730041503906,14.528599739074709,-0.044074364
2023-08-04 23:00:00,35.96730041503906,14.528599739074709,-0.021635937
2023-08-04 00:00:00,35.96730041503906,14.569199562072754,0.004542024
2023-08-04 01:00:00,35.96730041503906,14.569199562072754,-0.002720262
2023-08-04 02:00:00,35.96730041503906,14.569199562072754,-0.020246845
2023-08-04 03:00:00,35.96730041503906,14.569199562072754,-0.031630963
2023-08-04 04:00:00,35.96730041503906,14.569199562072754,-0.028634828
2023-08-04 05:00:00,35.96730041503906,14.569199562072754,-0.03703234
2023-08-04 06:00:00,35.96730041503906,14.569199562072754,-0.03625481
2023-08-04 07:00:00,35.96730041503906,14.569199562072754,-0.03456178
2023-08-04 08:00:00,35.96730041503906,14.569199562072754,-0.035428792
2023-08-04 09:00:00,35.96730041503906,14.569199562072754,-0.0360565
2023-08-04 10:00:00,35.96730041503906,14.569199562072754,-0.036828507
2023-08-04 11:00:00,35.96730041503906,14.569199562072754,-0.05742164
2023-08-04 12:00:00,35.96730041503906,14.569199562072754,-0.055326916
2023-08-04 13:00:00,35.96730041503906,14.569199562072754,-0.0609695
2023-08-04 14:00:00,35.96730041503906,14.569199562072754,-0.06244332
2023-08-04 15:00:00,35.96730041503906,14.569199562072754,-0.059697084
2023-08-04 16:00:00,35.96730041503906,14.569199562072754,-0.05773063
2023-08-04 17:00:00,35.96730041503906,14.569199562072754,-0.05592597
2023-08-04 18:00:00,35.96730041503906,14.569199562072754,-0.0533905
2023-08-04 19:00:00,35.96730041503906,14.569199562072754,-0.0526693
2023-08-04 20:00:00,35.96730041503906,14.569199562072754,-0.049506206
2023-08-04 21:00:00,35.96730041503906,14.569199562072754,-0.049999747
2023-08-04 22:00:00,35.96730041503906,14.569199562072754,-0.047410615
2023-08-04 23:00:00,35.96730041503906,14.569199562072754,-0.038718536
2023-08-04 00:00:00,35.989601135253906,14.447500228881836,-0.13779366
2023-08-04 01:00:00,35.989601135253906,14.447500228881836,-0.12056605
2023-08-04 02:00:00,35.989601135253906,14.447500228881836,-0.10702908
2023-08-04 03:00:00,35.989601135253906,14.447500228881836,-0.09698326
2023-08-04 04:00:00,35.989601135253906,14.447500228881836,-0.08620988
2023-08-04 05:00:00,35.989601135253906,14.447500228881836,-0.088747375
2023-08-04 06:00:00,35.989601135253906,14.447500228881836,-0.10704568
2023-08-04 07:00:00,35.989601135253906,14.447500228881836,-0.10686825
2023-08-04 08:00:00,35.989601135253906,14.447500228881836,-0.105899185
2023-08-04 09:00:00,35.989601135253906,14.447500228881836,-0.10212935
2023-08-04 10:00:00,35.989601135253906,14.447500228881836,-0.107668385
2023-08-04 11:00:00,35.989601135253906,14.447500228881836,-0.10416257
2023-08-04 12:00:00,35.989601135253906,14.447500228881836,-0.11523709
2023-08-04 13:00:00,35.989601135253906,14.447500228881836,-0.10843372
2023-08-04 14:00:00,35.989601135253906,14.447500228881836,-0.10599131
2023-08-04 15:00:00,35.989601135253906,14.447500228881836,-0.09768067
2023-08-04 16:00:00,35.989601135253906,14.447500228881836,-0.08902343
2023-08-04 17:00:00,35.989601135253906,14.447500228881836,-0.0906017
2023-08-04 18:00:00,35.989601135253906,14.447500228881836,-0.092659794
2023-08-04 19:00:00,35.989601135253906,14.447500228881836,-0.09504529
2023-08-04 20:00:00,35.989601135253906,14.447500228881836,-0.09709267
2023-08-04 21:00:00,35.989601135253906,14.447500228881836,-0.09540236
2023-08-04 22:00:00,35.989601135253906,14.447500228881836,-0.097079754
2023-08-04 23:00:00,35.989601135253906,14.447500228881836,-0.09822382
2023-08-04 00:00:00,35.989601135253906,14.48799991607666,0.04820732
2023-08-04 01:00:00,35.989601135253906,14.48799991607666,0.043804895
2023-08-04 02:00:00,35.989601135253906,14.48799991607666,0.037197903
2023-08-04 03:00:00,35.989601135253906,14.48799991607666,0.031777143
2023-08-04 04:00:00,35.989601135253906,14.48799991607666,0.0386333
2023-08-04 05:00:00,35.989601135253906,14.48799991607666,0.032797173
2023-08-04 06:00:00,35.989601135253906,14.48799991607666,0.005232187
2023-08-04 07:00:00,35.989601135253906,14.48799991607666,-0.034024063
2023-08-04 08:00:00,35.989601135253906,14.48799991607666,-0.037510168
2023-08-04 09:00:00,35.989601135253906,14.48799991607666,-0.043532684
2023-08-04 10:00:00,35.989601135253906,14.48799991607666,-0.045896556
2023-08-04 11:00:00,35.989601135253906,14.48799991607666,-0.037662137
2023-08-04 12:00:00,35.989601135253906,14.48799991607666,-0.041466933
2023-08-04 13:00:00,35.989601135253906,14.48799991607666,-0.03616508
2023-08-04 14:00:00,35.989601135253906,14.48799991607666,-0.036352344
2023-08-04 15:00:00,35.989601135253906,14.48799991607666,-0.033145744
2023-08-04 16:00:00,35.989601135253906,14.48799991607666,-0.030455302
2023-08-04 17:00:00,35.989601135253906,14.48799991607666,-0.03243806
2023-08-04 18:00:00,35.989601135253906,14.48799991607666,-0.03361961
2023-08-04 19:00:00,35.989601135253906,14.48799991607666,-0.03441001
2023-08-04 20:00:00,35.989601135253906,14.48799991607666,-0.0328966
2023-08-04 21:00:00,35.989601135253906,14.48799991607666,-0.03261341
2023-08-04 22:00:00,35.989601135253906,14.48799991607666,-0.021710943
2023-08-04 23:00:00,35.989601135253906,14.48799991607666,-0.008757225
2023-08-04 00:00:00,35.989601135253906,14.528599739074709,0.022678215
2023-08-04 01:00:00,35.989601135253906,14.528599739074709,-0.0009921473
2023-08-04 02:00:00,35.989601135253906,14.528599739074709,-0.009642394
2023-08-04 03:00:00,35.989601135253906,14.528599739074709,-0.0014916137
2023-08-04 04:00:00,35.989601135253906,14.528599739074709,0.010133041
2023-08-04 05:00:00,35.989601135253906,14.528599739074709,0.003969431
2023-08-04 06:00:00,35.989601135253906,14.528599739074709,-0.00062852167
2023-08-04 07:00:00,35.989601135253906,14.528599739074709,-0.0016900133
2023-08-04 08:00:00,35.989601135253906,14.528599739074709,0.0013221949
2023-08-04 09:00:00,35.989601135253906,14.528599739074709,0.0019448008
2023-08-04 10:00:00,35.989601135253906,14.528599739074709,0.0014898069
2023-08-04 11:00:00,35.989601135253906,14.528599739074709,-0.010545357
2023-08-04 12:00:00,35.989601135253906,14.528599739074709,-0.0094686365
2023-08-04 13:00:00,35.989601135253906,14.528599739074709,-0.00016353652
2023-08-04 14:00:00,35.989601135253906,14.528599739074709,0.0010615066
2023-08-04 15:00:00,35.989601135253906,14.528599739074709,0.0011852123
2023-08-04 16:00:00,35.989601135253906,14.528599739074709,0.0005485397
2023-08-04 17:00:00,35.989601135253906,14.528599739074709,-0.00012635253
2023-08-04 18:00:00,35.989601135253906,14.528599739074709,0.0007552244
2023-08-04 19:00:00,35.989601135253906,14.528599739074709,0.0006174147
2023-08-04 20:00:00,35.989601135253906,14.528599739074709,0.001177216
2023-08-04 21:00:00,35.989601135253906,14.528599739074709,0.0017451812
2023-08-04 22:00:00,35.989601135253906,14.528599739074709,0.004301388
2023-08-04 23:00:00,35.989601135253906,14.528599739074709,0.0064375103
2023-08-04 00:00:00,35.989601135253906,14.569199562072754,0.0036886241
2023-08-04 01:00:00,35.989601135253906,14.569199562072754,-0.031900167
2023-08-04 02:00:00,35.989601135253906,14.569199562072754,-0.054715075
2023-08-04 03:00:00,35.989601135253906,14.569199562072754,-0.059579864
2023-08-04 04:00:00,35.989601135253906,14.569199562072754,-0.048908427
2023-08-04 05:00:00,35.989601135253906,14.569199562072754,-0.045535892
2023-08-04 06:00:00,35.989601135253906,14.569199562072754,-0.040098067
2023-08-04 07:00:00,35.989601135253906,14.569199562072754,-0.029952668
2023-08-04 08:00:00,35.989601135253906,14.569199562072754,-0.01824471
2023-08-04 09:00:00,35.989601135253906,14.569199562072754,-0.009359533
2023-08-04 10:00:00,35.989601135253906,14.569199562072754,-0.0017627105
2023-08-04 11:00:00,35.989601135253906,14.569199562072754,-0.01226742
2023-08-04 12:00:00,35.989601135253906,14.569199562072754,-0.021869626
2023-08-04 13:00:00,35.989601135253906,14.569199562072754,-0.025934648
2023-08-04 14:00:00,35.989601135253906,14.569199562072754,-0.027438452
2023-08-04 15:00:00,35.989601135253906,14.569199562072754,-0.024811547
2023-08-04 16:00:00,35.989601135253906,14.569199562072754,-0.020897545
2023-08-04 17:00:00,35.989601135253906,14.569199562072754,-0.018259637
2023-08-04 18:00:00,35.989601135253906,14.569199562072754,-0.012388904
2023-08-04 19:00:00,35.989601135253906,14.569199562072754,-0.0078097284
2023-08-04 20:00:00,35.989601135253906,14.569199562072754,-0.004159594
2023-08-04 21:00:00,35.989601135253906,14.569199562072754,-0.0010800697
2023-08-04 22:00:00,35.989601135253906,14.569199562072754,0.0032870788
2023-08-04 23:00:00,35.989601135253906,14.569199562072754,0.010577964
2023-08-04 00:00:00,36.01190185546875,14.447500228881836,-0.06969678
2023-08-04 01:00:00,36.01190185546875,14.447500228881836,-0.05968983
2023-08-04 02:00:00,36.01190185546875,14.447500228881836,-0.052850038
2023-08-04 03:00:00,36.01190185546875,14.447500228881836,-0.046711113
2023-08-04 04:00:00,36.01190185546875,14.447500228881836,-0.038081665
2023-08-04 05:00:00,36.01190185546875,14.447500228881836,-0.04388265
2023-08-04 06:00:00,36.01190185546875,14.447500228881836,-0.05691361
2023-08-04 07:00:00,36.01190185546875,14.447500228881836,-0.06547224
2023-08-04 08:00:00,36.01190185546875,14.447500228881836,-0.06460029
2023-08-04 09:00:00,36.01190185546875,14.447500228881836,-0.061705668
2023-08-04 10:00:00,36.01190185546875,14.447500228881836,-0.062006567
2023-08-04 11:00:00,36.01190185546875,14.447500228881836,-0.055947345
2023-08-04 12:00:00,36.01190185546875,14.447500228881836,-0.0677208
2023-08-04 13:00:00,36.01190185546875,14.447500228881836,-0.06883289
2023-08-04 14:00:00,36.01190185546875,14.447500228881836,-0.06550902
2023-08-04 15:00:00,36.01190185546875,14.447500228881836,-0.061777916
2023-08-04 16:00:00,36.01190185546875,14.447500228881836,-0.05701833
2023-08-04 17:00:00,36.01190185546875,14.447500228881836,-0.06372883
2023-08-04 18:00:00,36.01190185546875,14.447500228881836,-0.06514424
2023-08-04 19:00:00,36.01190185546875,14.447500228881836,-0.065622
2023-08-04 20:00:00,36.01190185546875,14.447500228881836,-0.06419561
2023-08-04 21:00:00,36.01190185546875,14.447500228881836,-0.06341015
2023-08-04 22:00:00,36.01190185546875,14.447500228881836,-0.06344001
2023-08-04 23:00:00,36.01190185546875,14.447500228881836,-0.07030337
2023-08-04 00:00:00,36.01190185546875,14.48799991607666,0.033282895
2023-08-04 01:00:00,36.01190185546875,14.48799991607666,0.014282967
2023-08-04 02:00:00,36.01190185546875,14.48799991607666,-0.012062394
2023-08-04 03:00:00,36.01190185546875,14.48799991607666,-0.02994147
2023-08-04 04:00:00,36.01190185546875,14.48799991607666,-0.031279884
2023-08-04 05:00:00,36.01190185546875,14.48799991607666,-0.037391435
2023-08-04 06:00:00,36.01190185546875,14.48799991607666,-0.04924746
2023-08-04 07:00:00,36.01190185546875,14.48799991607666,-0.060232915
2023-08-04 08:00:00,36.01190185546875,14.48799991607666,-0.06040733
2023-08-04 09:00:00,36.01190185546875,14.48799991607666,-0.059695136
2023-08-04 10:00:00,36.01190185546875,14.48799991607666,-0.059462726
2023-08-04 11:00:00,36.01190185546875,14.48799991607666,-0.06225144
2023-08-04 12:00:00,36.01190185546875,14.48799991607666,-0.06521868
2023-08-04 13:00:00,36.01190185546875,14.48799991607666,-0.06004865
2023-08-04 14:00:00,36.01190185546875,14.48799991607666,-0.05778786
2023-08-04 15:00:00,36.01190185546875,14.48799991607666,-0.054348916
2023-08-04 16:00:00,36.01190185546875,14.48799991607666,-0.051314812
2023-08-04 17:00:00,36.01190185546875,14.48799991607666,-0.056882326
2023-08-04 18:00:00,36.01190185546875,14.48799991607666,-0.05721695
2023-08-04 19:00:00,36.01190185546875,14.48799991607666,-0.05865245
2023-08-04 20:00:00,36.01190185546875,14.48799991607666,-0.054796655
2023-08-04 21:00:00,36.01190185546875,14.48799991607666,-0.05092722
2023-08-04 22:00:00,36.01190185546875,14.48799991607666,-0.045369577
2023-08-04 23:00:00,36.01190185546875,14.48799991607666,-0.045055818
2023-08-04 00:00:00,36.01190185546875,14.528599739074709,0.048444323
2023-08-04 01:00:00,36.01190185546875,14.528599739074709,0.045595113
2023-08-04 02:00:00,36.01190185546875,14.528599739074709,0.029328354
2023-08-04 03:00:00,36.01190185546875,14.528599739074709,0.019458182
2023-08-04 04:00:00,36.01190185546875,14.528599739074709,0.024057351
2023-08-04 05:00:00,36.01190185546875,14.528599739074709,0.00841108
2023-08-04 06:00:00,36.01190185546875,14.528599739074709,-0.007995236
2023-08-04 07:00:00,36.01190185546875,14.528599739074709,-0.024463912
2023-08-04 08:00:00,36.01190185546875,14.528599739074709,-0.035117134
2023-08-04 09:00:00,36.01190185546875,14.528599739074709,-0.048929904
2023-08-04 10:00:00,36.01190185546875,14.528599739074709,-0.058103975
2023-08-04 11:00:00,36.01190185546875,14.528599739074709,-0.066299364
2023-08-04 12:00:00,36.01190185546875,14.528599739074709,-0.065958194
2023-08-04 13:00:00,36.01190185546875,14.528599739074709,-0.058247488
2023-08-04 14:00:00,36.01190185546875,14.528599739074709,-0.05563544
2023-08-04 15:00:00,36.01190185546875,14.528599739074709,-0.04772566
2023-08-04 16:00:00,36.01190185546875,14.528599739074709,-0.04058506
2023-08-04 17:00:00,36.01190185546875,14.528599739074709,-0.042150073
2023-08-04 18:00:00,36.01190185546875,14.528599739074709,-0.042259447
2023-08-04 19:00:00,36.01190185546875,14.528599739074709,-0.041655604
2023-08-04 20:00:00,36.01190185546875,14.528599739074709,-0.038953993
2023-08-04 21:00:00,36.01190185546875,14.528599739074709,-0.032986004
2023-08-04 22:00:00,36.01190185546875,14.528599739074709,-0.023365406
2023-08-04 23:00:00,36.01190185546875,14.528599739074709,-0.01599948
2023-08-04 00:00:00,36.01190185546875,14.569199562072754,0.018399436
2023-08-04 01:00:00,36.01190185546875,14.569199562072754,0.013472129
2023-08-04 02:00:00,36.01190185546875,14.569199562072754,-0.0011321865
2023-08-04 03:00:00,36.01190185546875,14.569199562072754,-0.017910829
2023-08-04 04:00:00,36.01190185546875,14.569199562072754,-0.026472716
2023-08-04 05:00:00,36.01190185546875,14.569199562072754,-0.045187883
2023-08-04 06:00:00,36.01190185546875,14.569199562072754,-0.06376374
2023-08-04 07:00:00,36.01190185546875,14.569199562072754,-0.07260835
2023-08-04 08:00:00,36.01190185546875,14.569199562072754,-0.07815474
2023-08-04 09:00:00,36.01190185546875,14.569199562072754,-0.088544115
2023-08-04 10:00:00,36.01190185546875,14.569199562072754,-0.099206015
2023-08-04 11:00:00,36.01190185546875,14.569199562072754,-0.10959244
2023-08-04 12:00:00,36.01190185546875,14.569199562072754,-0.11283672
2023-08-04 13:00:00,36.01190185546875,14.569199562072754,-0.11214881
2023-08-04 14:00:00,36.01190185546875,14.569199562072754,-0.11065075
2023-08-04 15:00:00,36.01190185546875,14.569199562072754,-0.10622974
2023-08-04 16:00:00,36.01190185546875,14.569199562072754,-0.10310362
2023-08-04 17:00:00,36.01190185546875,14.569199562072754,-0.102127925
2023-08-04 18:00:00,36.01190185546875,14.569199562072754,-0.09871329
2023-08-04 19:00:00,36.01190185546875,14.569199562072754,-0.09338842
2023-08-04 20:00:00,36.01190185546875,14.569199562072754,-0.08950174
2023-08-04 21:00:00,36.01190185546875,14.569199562072754,-0.08408344
2023-08-04 22:00:00,36.01190185546875,14.569199562072754,-0.07804376
2023-08-04 23:00:00,36.01190185546875,14.569199562072754,-0.0714236
2023-08-04 00:00:00,36.03409957885742,14.447500228881836,0.004545303
2023-08-04 01:00:00,36.03409957885742,14.447500228881836,-0.012336112
2023-08-04 02:00:00,36.03409957885742,14.447500228881836,-0.03074956
2023-08-04 03:00:00,36.03409957885742,14.447500228881836,-0.040686145
2023-08-04 04:00:00,36.03409957885742,14.447500228881836,-0.045499235
2023-08-04 05:00:00,36.03409957885742,14.447500228881836,-0.050011523
2023-08-04 06:00:00,36.03409957885742,14.447500228881836,-0.0534663
2023-08-04 07:00:00,36.03409957885742,14.447500228881836,-0.0568739
2023-08-04 08:00:00,36.03409957885742,14.447500228881836,-0.05938527
2023-08-04 09:00:00,36.03409957885742,14.447500228881836,-0.05898936
2023-08-04 10:00:00,36.03409957885742,14.447500228881836,-0.06503705
2023-08-04 11:00:00,36.03409957885742,14.447500228881836,-0.06740155
2023-08-04 12:00:00,36.03409957885742,14.447500228881836,-0.0760867
2023-08-04 13:00:00,36.03409957885742,14.447500228881836,-0.07895471
2023-08-04 14:00:00,36.03409957885742,14.447500228881836,-0.07583918
2023-08-04 15:00:00,36.03409957885742,14.447500228881836,-0.07122798
2023-08-04 16:00:00,36.03409957885742,14.447500228881836,-0.0664264
2023-08-04 17:00:00,36.03409957885742,14.447500228881836,-0.070309125
2023-08-04 18:00:00,36.03409957885742,14.447500228881836,-0.0662174
2023-08-04 19:00:00,36.03409957885742,14.447500228881836,-0.0640561
2023-08-04 20:00:00,36.03409957885742,14.447500228881836,-0.06472279
2023-08-04 21:00:00,36.03409957885742,14.447500228881836,-0.065655924
2023-08-04 22:00:00,36.03409957885742,14.447500228881836,-0.065739796
2023-08-04 23:00:00,36.03409957885742,14.447500228881836,-0.070343934
2023-08-04 00:00:00,36.03409957885742,14.48799991607666,0.03851214
2023-08-04 01:00:00,36.03409957885742,14.48799991607666,0.017210908
2023-08-04 02:00:00,36.03409957885742,14.48799991607666,-0.0066502034
2023-08-04 03:00:00,36.03409957885742,14.48799991607666,-0.019335145
2023-08-04 04:00:00,36.03409957885742,14.48799991607666,-0.02347323
2023-08-04 05:00:00,36.03409957885742,14.48799991607666,-0.031289887
2023-08-04 06:00:00,36.03409957885742,14.48799991607666,-0.037450917
2023-08-04 07:00:00,36.03409957885742,14.48799991607666,-0.041118804
2023-08-04 08:00:00,36.03409957885742,14.48799991607666,-0.041551117
2023-08-04 09:00:00,36.03409957885742,14.48799991607666,-0.041588023
2023-08-04 10:00:00,36.03409957885742,14.48799991607666,-0.042016525
2023-08-04 11:00:00,36.03409957885742,14.48799991607666,-0.043172978
2023-08-04 12:00:00,36.03409957885742,14.48799991607666,-0.04918957
2023-08-04 13:00:00,36.03409957885742,14.48799991607666,-0.04758893
2023-08-04 14:00:00,36.03409957885742,14.48799991607666,-0.04424877
2023-08-04 15:00:00,36.03409957885742,14.48799991607666,-0.04174153
2023-08-04 16:00:00,36.03409957885742,14.48799991607666,-0.03842793
2023-08-04 17:00:00,36.03409957885742,14.48799991607666,-0.04279118
2023-08-04 18:00:00,36.03409957885742,14.48799991607666,-0.03987797
2023-08-04 19:00:00,36.03409957885742,14.48799991607666,-0.04043432
2023-08-04 20:00:00,36.03409957885742,14.48799991607666,-0.03883088
2023-08-04 21:00:00,36.03409957885742,14.48799991607666,-0.035421267
2023-08-04 22:00:00,36.03409957885742,14.48799991607666,-0.033157207
2023-08-04 23:00:00,36.03409957885742,14.48799991607666,-0.034305774
2023-08-04 00:00:00,36.03409957885742,14.528599739074709,0.037345797
2023-08-04 01:00:00,36.03409957885742,14.528599739074709,0.031366102
2023-08-04 02:00:00,36.03409957885742,14.528599739074709,0.022864034
2023-08-04 03:00:00,36.03409957885742,14.528599739074709,0.015179185
2023-08-04 04:00:00,36.03409957885742,14.528599739074709,0.011543946
2023-08-04 05:00:00,36.03409957885742,14.528599739074709,-0.0038180854
2023-08-04 06:00:00,36.03409957885742,14.528599739074709,-0.0160447
2023-08-04 07:00:00,36.03409957885742,14.528599739074709,-0.029604273
2023-08-04 08:00:00,36.03409957885742,14.528599739074709,-0.039230213
2023-08-04 09:00:00,36.03409957885742,14.528599739074709,-0.049643744
2023-08-04 10:00:00,36.03409957885742,14.528599739074709,-0.05471437
2023-08-04 11:00:00,36.03409957885742,14.528599739074709,-0.058997527
2023-08-04 12:00:00,36.03409957885742,14.528599739074709,-0.059999853
2023-08-04 13:00:00,36.03409957885742,14.528599739074709,-0.05845362
2023-08-04 14:00:00,36.03409957885742,14.528599739074709,-0.05652511
2023-08-04 15:00:00,36.03409957885742,14.528599739074709,-0.053360872
2023-08-04 16:00:00,36.03409957885742,14.528599739074709,-0.051205054
2023-08-04 17:00:00,36.03409957885742,14.528599739074709,-0.054202914
2023-08-04 18:00:00,36.03409957885742,14.528599739074709,-0.05390936
2023-08-04 19:00:00,36.03409957885742,14.528599739074709,-0.051238894
2023-08-04 20:00:00,36.03409957885742,14.528599739074709,-0.049359582
2023-08-04 21:00:00,36.03409957885742,14.528599739074709,-0.04442763
2023-08-04 22:00:00,36.03409957885742,14.528599739074709,-0.039565083
2023-08-04 23:00:00,36.03409957885742,14.528599739074709,-0.037624836
2023-08-04 00:00:00,36.03409957885742,14.569199562072754,0.01634204
2023-08-04 01:00:00,36.03409957885742,14.569199562072754,0.005150345
2023-08-04 02:00:00,36.03409957885742,14.569199562072754,-0.008359475
2023-08-04 03:00:00,36.03409957885742,14.569199562072754,-0.026475819
2023-08-04 04:00:00,36.03409957885742,14.569199562072754,-0.050214134
2023-08-04 05:00:00,36.03409957885742,14.569199562072754,-0.073705904
2023-08-04 06:00:00,36.03409957885742,14.569199562072754,-0.08208347
2023-08-04 07:00:00,36.03409957885742,14.569199562072754,-0.08687295
2023-08-04 08:00:00,36.03409957885742,14.569199562072754,-0.090000264
2023-08-04 09:00:00,36.03409957885742,14.569199562072754,-0.0970666
2023-08-04 10:00:00,36.03409957885742,14.569199562072754,-0.104432955
2023-08-04 11:00:00,36.03409957885742,14.569199562072754,-0.10977332
2023-08-04 12:00:00,36.03409957885742,14.569199562072754,-0.11193941
2023-08-04 13:00:00,36.03409957885742,14.569199562072754,-0.11168521
2023-08-04 14:00:00,36.03409957885742,14.569199562072754,-0.11099582
2023-08-04 15:00:00,36.03409957885742,14.569199562072754,-0.107137516
2023-08-04 16:00:00,36.03409957885742,14.569199562072754,-0.105624355
2023-08-04 17:00:00,36.03409957885742,14.569199562072754,-0.10615445
2023-08-04 18:00:00,36.03409957885742,14.569199562072754,-0.10494175
2023-08-04 19:00:00,36.03409957885742,14.569199562072754,-0.10078768
2023-08-04 20:00:00,36.03409957885742,14.569199562072754,-0.10016244
2023-08-04 21:00:00,36.03409957885742,14.569199562072754,-0.0982758
2023-08-04 22:00:00,36.03409957885742,14.569199562072754,-0.09621144
2023-08-04 23:00:00,36.03409957885742,14.569199562072754,-0.094133325
2023-08-04 00:00:00,36.056400299072266,14.447500228881836,-0.007614322
2023-08-04 01:00:00,36.056400299072266,14.447500228881836,-0.017948369
2023-08-04 02:00:00,36.056400299072266,14.447500228881836,-0.02163254
2023-08-04 03:00:00,36.056400299072266,14.447500228881836,-0.017158197
2023-08-04 04:00:00,36.056400299072266,14.447500228881836,-0.009844328
2023-08-04 05:00:00,36.056400299072266,14.447500228881836,-0.0073894784
2023-08-04 06:00:00,36.056400299072266,14.447500228881836,-0.0036453307
2023-08-04 07:00:00,36.056400299072266,14.447500228881836,-0.0022755153
2023-08-04 08:00:00,36.056400299072266,14.447500228881836,-0.006330982
2023-08-04 09:00:00,36.056400299072266,14.447500228881836,-0.009876947
2023-08-04 10:00:00,36.056400299072266,14.447500228881836,-0.016531533
2023-08-04 11:00:00,36.056400299072266,14.447500228881836,-0.023288112
2023-08-04 12:00:00,36.056400299072266,14.447500228881836,-0.031815708
2023-08-04 13:00:00,36.056400299072266,14.447500228881836,-0.0375553
2023-08-04 14:00:00,36.056400299072266,14.447500228881836,-0.038932443
2023-08-04 15:00:00,36.056400299072266,14.447500228881836,-0.040579308
2023-08-04 16:00:00,36.056400299072266,14.447500228881836,-0.039448112
2023-08-04 17:00:00,36.056400299072266,14.447500228881836,-0.041152947
2023-08-04 18:00:00,36.056400299072266,14.447500228881836,-0.035088614
2023-08-04 19:00:00,36.056400299072266,14.447500228881836,-0.030764269
2023-08-04 20:00:00,36.056400299072266,14.447500228881836,-0.028228262
2023-08-04 21:00:00,36.056400299072266,14.447500228881836,-0.027112562
2023-08-04 22:00:00,36.056400299072266,14.447500228881836,-0.027494395
2023-08-04 23:00:00,36.056400299072266,14.447500228881836,-0.030956417
2023-08-04 00:00:00,36.056400299072266,14.48799991607666,0.017606648
2023-08-04 01:00:00,36.056400299072266,14.48799991607666,0.017510107
2023-08-04 02:00:00,36.056400299072266,14.48799991607666,0.017425919
2023-08-04 03:00:00,36.056400299072266,14.48799991607666,0.020046797
2023-08-04 04:00:00,36.056400299072266,14.48799991607666,0.023086496
2023-08-04 05:00:00,36.056400299072266,14.48799991607666,0.020686649
2023-08-04 06:00:00,36.056400299072266,14.48799991607666,0.018150978
2023-08-04 07:00:00,36.056400299072266,14.48799991607666,0.012977015
2023-08-04 08:00:00,36.056400299072266,14.48799991607666,0.0046385676
2023-08-04 09:00:00,36.056400299072266,14.48799991607666,-0.005205433
2023-08-04 10:00:00,36.056400299072266,14.48799991607666,-0.014143495
2023-08-04 11:00:00,36.056400299072266,14.48799991607666,-0.023859669
2023-08-04 12:00:00,36.056400299072266,14.48799991607666,-0.035911743
2023-08-04 13:00:00,36.056400299072266,14.48799991607666,-0.041881807
2023-08-04 14:00:00,36.056400299072266,14.48799991607666,-0.04196725
2023-08-04 15:00:00,36.056400299072266,14.48799991607666,-0.042211235
2023-08-04 16:00:00,36.056400299072266,14.48799991607666,-0.03992813
2023-08-04 17:00:00,36.056400299072266,14.48799991607666,-0.043387443
2023-08-04 18:00:00,36.056400299072266,14.48799991607666,-0.033444345
2023-08-04 19:00:00,36.056400299072266,14.48799991607666,-0.030273061
2023-08-04 20:00:00,36.056400299072266,14.48799991607666,-0.026659802
2023-08-04 21:00:00,36.056400299072266,14.48799991607666,-0.022712719
2023-08-04 22:00:00,36.056400299072266,14.48799991607666,-0.01974799
2023-08-04 23:00:00,36.056400299072266,14.48799991607666,-0.021819187
2023-08-04 00:00:00,36.056400299072266,14.528599739074709,-0.009006184
2023-08-04 01:00:00,36.056400299072266,14.528599739074709,-0.031251293
2023-08-04 02:00:00,36.056400299072266,14.528599739074709,-0.043840393
2023-08-04 03:00:00,36.056400299072266,14.528599739074709,-0.047951166
2023-08-04 04:00:00,36.056400299072266,14.528599739074709,-0.048545975
2023-08-04 05:00:00,36.056400299072266,14.528599739074709,-0.05206991
2023-08-04 06:00:00,36.056400299072266,14.528599739074709,-0.054979853
2023-08-04 07:00:00,36.056400299072266,14.528599739074709,-0.061146326
2023-08-04 08:00:00,36.056400299072266,14.528599739074709,-0.06769343
2023-08-04 09:00:00,36.056400299072266,14.528599739074709,-0.07675627
2023-08-04 10:00:00,36.056400299072266,14.528599739074709,-0.08421944
2023-08-04 11:00:00,36.056400299072266,14.528599739074709,-0.09148317
2023-08-04 12:00:00,36.056400299072266,14.528599739074709,-0.09842442
2023-08-04 13:00:00,36.056400299072266,14.528599739074709,-0.101670176
2023-08-04 14:00:00,36.056400299072266,14.528599739074709,-0.10365215
2023-08-04 15:00:00,36.056400299072266,14.528599739074709,-0.10252671
2023-08-04 16:00:00,36.056400299072266,14.528599739074709,-0.10254736
2023-08-04 17:00:00,36.056400299072266,14.528599739074709,-0.10521094
2023-08-04 18:00:00,36.056400299072266,14.528599739074709,-0.10359168
2023-08-04 19:00:00,36.056400299072266,14.528599739074709,-0.10045135
2023-08-04 20:00:00,36.056400299072266,14.528599739074709,-0.09761386
2023-08-04 21:00:00,36.056400299072266,14.528599739074709,-0.093675084
2023-08-04 22:00:00,36.056400299072266,14.528599739074709,-0.08900581
2023-08-04 23:00:00,36.056400299072266,14.528599739074709,-0.087607205
2023-08-04 00:00:00,36.056400299072266,14.569199562072754,-0.010177849
2023-08-04 01:00:00,36.056400299072266,14.569199562072754,-0.01562117
2023-08-04 02:00:00,36.056400299072266,14.569199562072754,-0.03229251
2023-08-04 03:00:00,36.056400299072266,14.569199562072754,-0.051354446
2023-08-04 04:00:00,36.056400299072266,14.569199562072754,-0.061790425
2023-08-04 05:00:00,36.056400299072266,14.569199562072754,-0.06928707
2023-08-04 06:00:00,36.056400299072266,14.569199562072754,-0.07393823
2023-08-04 07:00:00,36.056400299072266,14.569199562072754,-0.07997239
2023-08-04 08:00:00,36.056400299072266,14.569199562072754,-0.085256726
2023-08-04 09:00:00,36.056400299072266,14.569199562072754,-0.09390957
2023-08-04 10:00:00,36.056400299072266,14.569199562072754,-0.10325498
2023-08-04 11:00:00,36.056400299072266,14.569199562072754,-0.11081594
2023-08-04 12:00:00,36.056400299072266,14.569199562072754,-0.11714941
2023-08-04 13:00:00,36.056400299072266,14.569199562072754,-0.121013746
2023-08-04 14:00:00,36.056400299072266,14.569199562072754,-0.12409975
2023-08-04 15:00:00,36.056400299072266,14.569199562072754,-0.12302732
2023-08-04 16:00:00,36.056400299072266,14.569199562072754,-0.12272471
2023-08-04 17:00:00,36.056400299072266,14.569199562072754,-0.12384335
2023-08-04 18:00:00,36.056400299072266,14.569199562072754,-0.1228633
2023-08-04 19:00:00,36.056400299072266,14.569199562072754,-0.11892554
2023-08-04 20:00:00,36.056400299072266,14.569199562072754,-0.11714558
2023-08-04 21:00:00,36.056400299072266,14.569199562072754,-0.114585854
2023-08-04 22:00:00,36.056400299072266,14.569199562072754,-0.111692585
2023-08-04 23:00:00,36.056400299072266,14.569199562072754,-0.10934966
2023-08-04 00:00:00,36.07870101928711,14.366399765014648,-0.10992031
2023-08-04 01:00:00,36.07870101928711,14.366399765014648,-0.096639805
2023-08-04 02:00:00,36.07870101928711,14.366399765014648,-0.07699679
2023-08-04 03:00:00,36.07870101928711,14.366399765014648,-0.061094586
2023-08-04 04:00:00,36.07870101928711,14.366399765014648,-0.047928493
2023-08-04 05:00:00,36.07870101928711,14.366399765014648,-0.039492022
2023-08-04 06:00:00,36.07870101928711,14.366399765014648,-0.04013029
2023-08-04 07:00:00,36.07870101928711,14.366399765014648,-0.044728
2023-08-04 08:00:00,36.07870101928711,14.366399765014648,-0.051904753
2023-08-04 09:00:00,36.07870101928711,14.366399765014648,-0.062235475
2023-08-04 10:00:00,36.07870101928711,14.366399765014648,-0.07340396
2023-08-04 11:00:00,36.07870101928711,14.366399765014648,-0.08247938
2023-08-04 12:00:00,36.07870101928711,14.366399765014648,-0.08732537
2023-08-04 13:00:00,36.07870101928711,14.366399765014648,-0.091701746
2023-08-04 14:00:00,36.07870101928711,14.366399765014648,-0.09372632
2023-08-04 15:00:00,36.07870101928711,14.366399765014648,-0.09336583
2023-08-04 16:00:00,36.07870101928711,14.366399765014648,-0.0912464
2023-08-04 17:00:00,36.07870101928711,14.366399765014648,-0.08880649
2023-08-04 18:00:00,36.07870101928711,14.366399765014648,-0.084953085
2023-08-04 19:00:00,36.07870101928711,14.366399765014648,-0.08199941
2023-08-04 20:00:00,36.07870101928711,14.366399765014648,-0.07979383
2023-08-04 21:00:00,36.07870101928711,14.366399765014648,-0.07829954
2023-08-04 22:00:00,36.07870101928711,14.366399765014648,-0.07837141
2023-08-04 23:00:00,36.07870101928711,14.366399765014648,-0.077613
2023-08-04 00:00:00,36.07870101928711,14.406900405883787,-0.050269615
2023-08-04 01:00:00,36.07870101928711,14.406900405883787,-0.061129194
2023-08-04 02:00:00,36.07870101928711,14.406900405883787,-0.05776877
2023-08-04 03:00:00,36.07870101928711,14.406900405883787,-0.056955904
2023-08-04 04:00:00,36.07870101928711,14.406900405883787,-0.05378473
2023-08-04 05:00:00,36.07870101928711,14.406900405883787,-0.052615717
2023-08-04 06:00:00,36.07870101928711,14.406900405883787,-0.05118314
2023-08-04 07:00:00,36.07870101928711,14.406900405883787,-0.05201536
2023-08-04 08:00:00,36.07870101928711,14.406900405883787,-0.05796746
2023-08-04 09:00:00,36.07870101928711,14.406900405883787,-0.06239395
2023-08-04 10:00:00,36.07870101928711,14.406900405883787,-0.06714126
2023-08-04 11:00:00,36.07870101928711,14.406900405883787,-0.07055589
2023-08-04 12:00:00,36.07870101928711,14.406900405883787,-0.07167257
2023-08-04 13:00:00,36.07870101928711,14.406900405883787,-0.074091084
2023-08-04 14:00:00,36.07870101928711,14.406900405883787,-0.07227245
2023-08-04 15:00:00,36.07870101928711,14.406900405883787,-0.07298358
2023-08-04 16:00:00,36.07870101928711,14.406900405883787,-0.07144006
2023-08-04 17:00:00,36.07870101928711,14.406900405883787,-0.069415115
2023-08-04 18:00:00,36.07870101928711,14.406900405883787,-0.064127594
2023-08-04 19:00:00,36.07870101928711,14.406900405883787,-0.06223318
2023-08-04 20:00:00,36.07870101928711,14.406900405883787,-0.06167443
2023-08-04 21:00:00,36.07870101928711,14.406900405883787,-0.06618986
2023-08-04 22:00:00,36.07870101928711,14.406900405883787,-0.068239085
2023-08-04 23:00:00,36.07870101928711,14.406900405883787,-0.071218155
2023-08-04 00:00:00,36.07870101928711,14.447500228881836,-0.014185492
2023-08-04 01:00:00,36.07870101928711,14.447500228881836,-0.017259281
2023-08-04 02:00:00,36.07870101928711,14.447500228881836,-0.0133429635
2023-08-04 03:00:00,36.07870101928711,14.447500228881836,-0.006987741
2023-08-04 04:00:00,36.07870101928711,14.447500228881836,0.0008607581
2023-08-04 05:00:00,36.07870101928711,14.447500228881836,0.0036167689
2023-08-04 06:00:00,36.07870101928711,14.447500228881836,0.0062445477
2023-08-04 07:00:00,36.07870101928711,14.447500228881836,0.006234899
2023-08-04 08:00:00,36.07870101928711,14.447500228881836,-0.004470652
2023-08-04 09:00:00,36.07870101928711,14.447500228881836,-0.013554085
2023-08-04 10:00:00,36.07870101928711,14.447500228881836,-0.020190027
2023-08-04 11:00:00,36.07870101928711,14.447500228881836,-0.023782237
2023-08-04 12:00:00,36.07870101928711,14.447500228881836,-0.025732491
2023-08-04 13:00:00,36.07870101928711,14.447500228881836,-0.030459462
2023-08-04 14:00:00,36.07870101928711,14.447500228881836,-0.030020053
2023-08-04 15:00:00,36.07870101928711,14.447500228881836,-0.034265753
2023-08-04 16:00:00,36.07870101928711,14.447500228881836,-0.03670621
2023-08-04 17:00:00,36.07870101928711,14.447500228881836,-0.04163821
2023-08-04 18:00:00,36.07870101928711,14.447500228881836,-0.029095247
2023-08-04 19:00:00,36.07870101928711,14.447500228881836,-0.025857557
2023-08-04 20:00:00,36.07870101928711,14.447500228881836,-0.018979616
2023-08-04 21:00:00,36.07870101928711,14.447500228881836,-0.01860134
2023-08-04 22:00:00,36.07870101928711,14.447500228881836,-0.018599486
2023-08-04 23:00:00,36.07870101928711,14.447500228881836,-0.020820044
2023-08-04 00:00:00,36.07870101928711,14.48799991607666,0.0006788559
2023-08-04 01:00:00,36.07870101928711,14.48799991607666,-0.0068682125
2023-08-04 02:00:00,36.07870101928711,14.48799991607666,-0.007110657
2023-08-04 03:00:00,36.07870101928711,14.48799991607666,-0.0035770554
2023-08-04 04:00:00,36.07870101928711,14.48799991607666,-9.650178e-05
2023-08-04 05:00:00,36.07870101928711,14.48799991607666,-0.0007572025
2023-08-04 06:00:00,36.07870101928711,14.48799991607666,-0.0022186171
2023-08-04 07:00:00,36.07870101928711,14.48799991607666,-0.008035479
2023-08-04 08:00:00,36.07870101928711,14.48799991607666,-0.0210083
2023-08-04 09:00:00,36.07870101928711,14.48799991607666,-0.031816848
2023-08-04 10:00:00,36.07870101928711,14.48799991607666,-0.038481295
2023-08-04 11:00:00,36.07870101928711,14.48799991607666,-0.04403132
2023-08-04 12:00:00,36.07870101928711,14.48799991607666,-0.052349314
2023-08-04 13:00:00,36.07870101928711,14.48799991607666,-0.06143004
2023-08-04 14:00:00,36.07870101928711,14.48799991607666,-0.06775284
2023-08-04 15:00:00,36.07870101928711,14.48799991607666,-0.073617995
2023-08-04 16:00:00,36.07870101928711,14.48799991607666,-0.077055715
2023-08-04 17:00:00,36.07870101928711,14.48799991607666,-0.08225392
2023-08-04 18:00:00,36.07870101928711,14.48799991607666,-0.07524354
2023-08-04 19:00:00,36.07870101928711,14.48799991607666,-0.07615647
2023-08-04 20:00:00,36.07870101928711,14.48799991607666,-0.071725875
2023-08-04 21:00:00,36.07870101928711,14.48799991607666,-0.06853388
2023-08-04 22:00:00,36.07870101928711,14.48799991607666,-0.06623578
2023-08-04 23:00:00,36.07870101928711,14.48799991607666,-0.06679043
2023-08-04 00:00:00,36.07870101928711,14.528599739074709,-0.009747281
2023-08-04 01:00:00,36.07870101928711,14.528599739074709,0.0026763324
2023-08-04 02:00:00,36.07870101928711,14.528599739074709,0.011233818
2023-08-04 03:00:00,36.07870101928711,14.528599739074709,0.014933042
2023-08-04 04:00:00,36.07870101928711,14.528599739074709,0.017393958
2023-08-04 05:00:00,36.07870101928711,14.528599739074709,0.016848747
2023-08-04 06:00:00,36.07870101928711,14.528599739074709,0.015013766
2023-08-04 07:00:00,36.07870101928711,14.528599739074709,0.010414857
2023-08-04 08:00:00,36.07870101928711,14.528599739074709,-0.00068405084
2023-08-04 09:00:00,36.07870101928711,14.528599739074709,-0.018746497
2023-08-04 10:00:00,36.07870101928711,14.528599739074709,-0.03577322
2023-08-04 11:00:00,36.07870101928711,14.528599739074709,-0.05288628
2023-08-04 12:00:00,36.07870101928711,14.528599739074709,-0.06925884
2023-08-04 13:00:00,36.07870101928711,14.528599739074709,-0.080153555
2023-08-04 14:00:00,36.07870101928711,14.528599739074709,-0.08854306
2023-08-04 15:00:00,36.07870101928711,14.528599739074709,-0.09133385
2023-08-04 16:00:00,36.07870101928711,14.528599739074709,-0.094455734
2023-08-04 17:00:00,36.07870101928711,14.528599739074709,-0.097271115
2023-08-04 18:00:00,36.07870101928711,14.528599739074709,-0.09908795
2023-08-04 19:00:00,36.07870101928711,14.528599739074709,-0.09848881
2023-08-04 20:00:00,36.07870101928711,14.528599739074709,-0.09452303
2023-08-04 21:00:00,36.07870101928711,14.528599739074709,-0.08958641
2023-08-04 22:00:00,36.07870101928711,14.528599739074709,-0.08537915
2023-08-04 23:00:00,36.07870101928711,14.528599739074709,-0.08297698
2023-08-04 00:00:00,36.07870101928711,14.569199562072754,-0.00740161
2023-08-04 01:00:00,36.07870101928711,14.569199562072754,0.006434465
2023-08-04 02:00:00,36.07870101928711,14.569199562072754,0.005831141
2023-08-04 03:00:00,36.07870101928711,14.569199562072754,0.003198536
2023-08-04 04:00:00,36.07870101928711,14.569199562072754,0.0030468013
2023-08-04 05:00:00,36.07870101928711,14.569199562072754,0.0022401102
2023-08-04 06:00:00,36.07870101928711,14.569199562072754,0.00064524263
2023-08-04 07:00:00,36.07870101928711,14.569199562072754,-0.004078853
2023-08-04 08:00:00,36.07870101928711,14.569199562072754,-0.012090609
2023-08-04 09:00:00,36.07870101928711,14.569199562072754,-0.029140998
2023-08-04 10:00:00,36.07870101928711,14.569199562072754,-0.055095814
2023-08-04 11:00:00,36.07870101928711,14.569199562072754,-0.07381174
2023-08-04 12:00:00,36.07870101928711,14.569199562072754,-0.08799968
2023-08-04 13:00:00,36.07870101928711,14.569199562072754,-0.09849031
2023-08-04 14:00:00,36.07870101928711,14.569199562072754,-0.10583089
2023-08-04 15:00:00,36.07870101928711,14.569199562072754,-0.10817796
2023-08-04 16:00:00,36.07870101928711,14.569199562072754,-0.10896452
2023-08-04 17:00:00,36.07870101928711,14.569199562072754,-0.11000946
2023-08-04 18:00:00,36.07870101928711,14.569199562072754,-0.11037154
2023-08-04 19:00:00,36.07870101928711,14.569199562072754,-0.1089368
2023-08-04 20:00:00,36.07870101928711,14.569199562072754,-0.106133394
2023-08-04 21:00:00,36.07870101928711,14.569199562072754,-0.102715924
2023-08-04 22:00:00,36.07870101928711,14.569199562072754,-0.099253654
2023-08-04 23:00:00,36.07870101928711,14.569199562072754,-0.0969731
2023-08-04 00:00:00,35.945098876953125,14.528599739074709,-0.0035537248
2023-08-04 01:00:00,35.945098876953125,14.528599739074709,0.0131853195
2023-08-04 02:00:00,35.945098876953125,14.528599739074709,-0.0006064074
2023-08-04 03:00:00,35.945098876953125,14.528599739074709,-0.0016321177
2023-08-04 04:00:00,35.945098876953125,14.528599739074709,0.028928306
2023-08-04 05:00:00,35.945098876953125,14.528599739074709,0.025993753
2023-08-04 06:00:00,35.945098876953125,14.528599739074709,0.031760044
2023-08-04 07:00:00,35.945098876953125,14.528599739074709,0.032974526
2023-08-04 08:00:00,35.945098876953125,14.528599739074709,0.031193554
2023-08-04 09:00:00,35.945098876953125,14.528599739074709,0.030457143
2023-08-04 10:00:00,35.945098876953125,14.528599739074709,0.029923793
2023-08-04 11:00:00,35.945098876953125,14.528599739074709,0.0295926
2023-08-04 12:00:00,35.945098876953125,14.528599739074709,0.029425621
2023-08-04 13:00:00,35.945098876953125,14.528599739074709,0.029360462
2023-08-04 14:00:00,35.945098876953125,14.528599739074709,0.017654333
2023-08-04 15:00:00,35.945098876953125,14.528599739074709,0.015417174
2023-08-04 16:00:00,35.945098876953125,14.528599739074709,0.0109899985
2023-08-04 17:00:00,35.945098876953125,14.528599739074709,0.014806495
2023-08-04 18:00:00,35.945098876953125,14.528599739074709,0.011248871
2023-08-04 19:00:00,35.945098876953125,14.528599739074709,0.012897165
2023-08-04 20:00:00,35.945098876953125,14.528599739074709,0.025026467
2023-08-04 21:00:00,35.945098876953125,14.528599739074709,0.023503006
2023-08-04 22:00:00,35.945098876953125,14.528599739074709,0.031789962
2023-08-04 23:00:00,35.945098876953125,14.528599739074709,0.037383247
2023-08-04 00:00:00,36.03409957885742,14.406900405883787,-0.10916333
2023-08-04 01:00:00,36.03409957885742,14.406900405883787,-0.11037304
2023-08-04 02:00:00,36.03409957885742,14.406900405883787,-0.104794204
2023-08-04 03:00:00,36.03409957885742,14.406900405883787,-0.09775883
2023-08-04 04:00:00,36.03409957885742,14.406900405883787,-0.08845374
2023-08-04 05:00:00,36.03409957885742,14.406900405883787,-0.089281306
2023-08-04 06:00:00,36.03409957885742,14.406900405883787,-0.08859977
2023-08-04 07:00:00,36.03409957885742,14.406900405883787,-0.09064693
2023-08-04 08:00:00,36.03409957885742,14.406900405883787,-0.09446081
2023-08-04 09:00:00,36.03409957885742,14.406900405883787,-0.100125484
2023-08-04 10:00:00,36.03409957885742,14.406900405883787,-0.11091835
2023-08-04 11:00:00,36.03409957885742,14.406900405883787,-0.117294624
2023-08-04 12:00:00,36.03409957885742,14.406900405883787,-0.12638201
2023-08-04 13:00:00,36.03409957885742,14.406900405883787,-0.13321264
2023-08-04 14:00:00,36.03409957885742,14.406900405883787,-0.13527967
2023-08-04 15:00:00,36.03409957885742,14.406900405883787,-0.13512811
2023-08-04 16:00:00,36.03409957885742,14.406900405883787,-0.13331945
2023-08-04 17:00:00,36.03409957885742,14.406900405883787,-0.1332872
2023-08-04 18:00:00,36.03409957885742,14.406900405883787,-0.1312855
2023-08-04 19:00:00,36.03409957885742,14.406900405883787,-0.13019958
2023-08-04 20:00:00,36.03409957885742,14.406900405883787,-0.12960857
2023-08-04 21:00:00,36.03409957885742,14.406900405883787,-0.12934808
2023-08-04 22:00:00,36.03409957885742,14.406900405883787,-0.13197818
2023-08-04 23:00:00,36.03409957885742,14.406900405883787,-0.13777709
2023-08-04 00:00:00,36.056400299072266,14.406900405883787,-0.10691875
2023-08-04 01:00:00,36.056400299072266,14.406900405883787,-0.087865785
2023-08-04 02:00:00,36.056400299072266,14.406900405883787,-0.06896592
2023-08-04 03:00:00,36.056400299072266,14.406900405883787,-0.05750266
2023-08-04 04:00:00,36.056400299072266,14.406900405883787,-0.049148187
2023-08-04 05:00:00,36.056400299072266,14.406900405883787,-0.04820018
2023-08-04 06:00:00,36.056400299072266,14.406900405883787,-0.046785336
2023-08-04 07:00:00,36.056400299072266,14.406900405883787,-0.048860103
2023-08-04 08:00:00,36.056400299072266,14.406900405883787,-0.05319574
2023-08-04 09:00:00,36.056400299072266,14.406900405883787,-0.05616487
2023-08-04 10:00:00,36.056400299072266,14.406900405883787,-0.061729044
2023-08-04 11:00:00,36.056400299072266,14.406900405883787,-0.06389339
2023-08-04 12:00:00,36.056400299072266,14.406900405883787,-0.06622484
2023-08-04 13:00:00,36.056400299072266,14.406900405883787,-0.0674496
2023-08-04 14:00:00,36.056400299072266,14.406900405883787,-0.06582988
2023-08-04 15:00:00,36.056400299072266,14.406900405883787,-0.065201275
2023-08-04 16:00:00,36.056400299072266,14.406900405883787,-0.06251708
2023-08-04 17:00:00,36.056400299072266,14.406900405883787,-0.060704056
2023-08-04 18:00:00,36.056400299072266,14.406900405883787,-0.05887796
2023-08-04 19:00:00,36.056400299072266,14.406900405883787,-0.05829958
2023-08-04 20:00:00,36.056400299072266,14.406900405883787,-0.05823216
2023-08-04 21:00:00,36.056400299072266,14.406900405883787,-0.05840575
2023-08-04 22:00:00,36.056400299072266,14.406900405883787,-0.06044186
2023-08-04 23:00:00,36.056400299072266,14.406900405883787,-0.06306853
2023-08-04 00:00:00,36.01190185546875,14.406900405883787,-0.18000075
2023-08-04 01:00:00,36.01190185546875,14.406900405883787,-0.14324048
2023-08-04 02:00:00,36.01190185546875,14.406900405883787,-0.11705277
2023-08-04 03:00:00,36.01190185546875,14.406900405883787,-0.09955417
2023-08-04 04:00:00,36.01190185546875,14.406900405883787,-0.08136506
2023-08-04 05:00:00,36.01190185546875,14.406900405883787,-0.08081464
2023-08-04 06:00:00,36.01190185546875,14.406900405883787,-0.07649017
2023-08-04 07:00:00,36.01190185546875,14.406900405883787,-0.074643776
2023-08-04 08:00:00,36.01190185546875,14.406900405883787,-0.07229983
2023-08-04 09:00:00,36.01190185546875,14.406900405883787,-0.07069738
2023-08-04 10:00:00,36.01190185546875,14.406900405883787,-0.0724365
2023-08-04 11:00:00,36.01190185546875,14.406900405883787,-0.0735545
2023-08-04 12:00:00,36.01190185546875,14.406900405883787,-0.081427075
2023-08-04 13:00:00,36.01190185546875,14.406900405883787,-0.07960341
2023-08-04 14:00:00,36.01190185546875,14.406900405883787,-0.08247558
2023-08-04 15:00:00,36.01190185546875,14.406900405883787,-0.08110549
2023-08-04 16:00:00,36.01190185546875,14.406900405883787,-0.07937999
2023-08-04 17:00:00,36.01190185546875,14.406900405883787,-0.079686336
2023-08-04 18:00:00,36.01190185546875,14.406900405883787,-0.0801166
2023-08-04 19:00:00,36.01190185546875,14.406900405883787,-0.08058886
2023-08-04 20:00:00,36.01190185546875,14.406900405883787,-0.081081934
2023-08-04 21:00:00,36.01190185546875,14.406900405883787,-0.08156464
2023-08-04 22:00:00,36.01190185546875,14.406900405883787,-0.08807123
2023-08-04 23:00:00,36.01190185546875,14.406900405883787,-0.08592903
2023-08-04 00:00:00,36.03409957885742,14.366399765014648,-0.10175098
2023-08-04 01:00:00,36.03409957885742,14.366399765014648,-0.08677218
2023-08-04 02:00:00,36.03409957885742,14.366399765014648,-0.07826525
2023-08-04 03:00:00,36.03409957885742,14.366399765014648,-0.071353264
2023-08-04 04:00:00,36.03409957885742,14.366399765014648,-0.065808214
2023-08-04 05:00:00,36.03409957885742,14.366399765014648,-0.0653615
2023-08-04 06:00:00,36.03409957885742,14.366399765014648,-0.06670199
2023-08-04 07:00:00,36.03409957885742,14.366399765014648,-0.06840761
2023-08-04 08:00:00,36.03409957885742,14.366399765014648,-0.06985693
2023-08-04 09:00:00,36.03409957885742,14.366399765014648,-0.07167082
2023-08-04 10:00:00,36.03409957885742,14.366399765014648,-0.07393825
2023-08-04 11:00:00,36.03409957885742,14.366399765014648,-0.07169647
2023-08-04 12:00:00,36.03409957885742,14.366399765014648,-0.07101349
2023-08-04 13:00:00,36.03409957885742,14.366399765014648,-0.07004606
2023-08-04 14:00:00,36.03409957885742,14.366399765014648,-0.068045095
2023-08-04 15:00:00,36.03409957885742,14.366399765014648,-0.065523714
2023-08-04 16:00:00,36.03409957885742,14.366399765014648,-0.062361732
2023-08-04 17:00:00,36.03409957885742,14.366399765014648,-0.061029274
2023-08-04 18:00:00,36.03409957885742,14.366399765014648,-0.06185844
2023-08-04 19:00:00,36.03409957885742,14.366399765014648,-0.062453292
2023-08-04 20:00:00,36.03409957885742,14.366399765014648,-0.0628761
2023-08-04 21:00:00,36.03409957885742,14.366399765014648,-0.06309962
2023-08-04 22:00:00,36.03409957885742,14.366399765014648,-0.06437143
2023-08-04 23:00:00,36.03409957885742,14.366399765014648,-0.063275844
2023-08-04 00:00:00,36.056400299072266,14.366399765014648,-0.09422239
2023-08-04 01:00:00,36.056400299072266,14.366399765014648,-0.07171291
2023-08-04 02:00:00,36.056400299072266,14.366399765014648,-0.0584062
2023-08-04 03:00:00,36.056400299072266,14.366399765014648,-0.051395763
2023-08-04 04:00:00,36.056400299072266,14.366399765014648,-0.045800682
2023-08-04 05:00:00,36.056400299072266,14.366399765014648,-0.044547886
2023-08-04 06:00:00,36.056400299072266,14.366399765014648,-0.046473287
2023-08-04 07:00:00,36.056400299072266,14.366399765014648,-0.048977092
2023-08-04 08:00:00,36.056400299072266,14.366399765014648,-0.052043963
2023-08-04 09:00:00,36.056400299072266,14.366399765014648,-0.05635885
2023-08-04 10:00:00,36.056400299072266,14.366399765014648,-0.0617962
2023-08-04 11:00:00,36.056400299072266,14.366399765014648,-0.06395634
2023-08-04 12:00:00,36.056400299072266,14.366399765014648,-0.06530619
2023-08-04 13:00:00,36.056400299072266,14.366399765014648,-0.06731142
2023-08-04 14:00:00,36.056400299072266,14.366399765014648,-0.06733506
2023-08-04 15:00:00,36.056400299072266,14.366399765014648,-0.065745234
2023-08-04 16:00:00,36.056400299072266,14.366399765014648,-0.06301936
2023-08-04 17:00:00,36.056400299072266,14.366399765014648,-0.061234873
2023-08-04 18:00:00,36.056400299072266,14.366399765014648,-0.060568877
2023-08-04 19:00:00,36.056400299072266,14.366399765014648,-0.060242724
2023-08-04 20:00:00,36.056400299072266,14.366399765014648,-0.060151823
2023-08-04 21:00:00,36.056400299072266,14.366399765014648,-0.060185418
2023-08-04 22:00:00,36.056400299072266,14.366399765014648,-0.061238065
2023-08-04 23:00:00,36.056400299072266,14.366399765014648,-0.0605992
2023-08-04 00:00:00,35.96730041503906,14.48799991607666,0.025494047
2023-08-04 01:00:00,35.96730041503906,14.48799991607666,0.03565955
2023-08-04 02:00:00,35.96730041503906,14.48799991607666,0.041780747
2023-08-04 03:00:00,35.96730041503906,14.48799991607666,0.043328717
2023-08-04 04:00:00,35.96730041503906,14.48799991607666,0.06506607
2023-08-04 05:00:00,35.96730041503906,14.48799991607666,0.05577673
2023-08-04 06:00:00,35.96730041503906,14.48799991607666,0.0214951
2023-08-04 07:00:00,35.96730041503906,14.48799991607666,-0.010769103
2023-08-04 08:00:00,35.96730041503906,14.48799991607666,0.018675694
2023-08-04 09:00:00,35.96730041503906,14.48799991607666,0.034814093
2023-08-04 10:00:00,35.96730041503906,14.48799991607666,0.042601146
2023-08-04 11:00:00,35.96730041503906,14.48799991607666,0.045640334
2023-08-04 12:00:00,35.96730041503906,14.48799991607666,0.017613202
2023-08-04 13:00:00,35.96730041503906,14.48799991607666,0.028897919
2023-08-04 14:00:00,35.96730041503906,14.48799991607666,0.023020651
2023-08-04 15:00:00,35.96730041503906,14.48799991607666,0.03391774
2023-08-04 16:00:00,35.96730041503906,14.48799991607666,0.0395154
2023-08-04 17:00:00,35.96730041503906,14.48799991607666,0.04341068
2023-08-04 18:00:00,35.96730041503906,14.48799991607666,0.044105478
2023-08-04 19:00:00,35.96730041503906,14.48799991607666,0.043175302
2023-08-04 20:00:00,35.96730041503906,14.48799991607666,0.051016994
2023-08-04 21:00:00,35.96730041503906,14.48799991607666,0.04436931
2023-08-04 22:00:00,35.96730041503906,14.48799991607666,0.067547
2023-08-04 23:00:00,35.96730041503906,14.48799991607666,0.07656344
2023-08-04 00:00:00,35.989601135253906,14.406900405883787,-0.25186262
2023-08-04 01:00:00,35.989601135253906,14.406900405883787,-0.17805193
2023-08-04 02:00:00,35.989601135253906,14.406900405883787,-0.1429156
2023-08-04 03:00:00,35.989601135253906,14.406900405883787,-0.12512815
2023-08-04 04:00:00,35.989601135253906,14.406900405883787,-0.11500596
2023-08-04 05:00:00,35.989601135253906,14.406900405883787,-0.10875531
2023-08-04 06:00:00,35.989601135253906,14.406900405883787,-0.101754785
2023-08-04 07:00:00,35.989601135253906,14.406900405883787,-0.09529971
2023-08-04 08:00:00,35.989601135253906,14.406900405883787,-0.09000311
2023-08-04 09:00:00,35.989601135253906,14.406900405883787,-0.08195585
2023-08-04 10:00:00,35.989601135253906,14.406900405883787,-0.07677758
2023-08-04 11:00:00,35.989601135253906,14.406900405883787,-0.061805204
2023-08-04 12:00:00,35.989601135253906,14.406900405883787,-0.09271083
2023-08-04 13:00:00,35.989601135253906,14.406900405883787,-0.08200198
2023-08-04 14:00:00,35.989601135253906,14.406900405883787,-0.08401223
2023-08-04 15:00:00,35.989601135253906,14.406900405883787,-0.078592844
2023-08-04 16:00:00,35.989601135253906,14.406900405883787,-0.08023242
2023-08-04 17:00:00,35.989601135253906,14.406900405883787,-0.08019512
2023-08-04 18:00:00,35.989601135253906,14.406900405883787,-0.080937855
2023-08-04 19:00:00,35.989601135253906,14.406900405883787,-0.08179564
2023-08-04 20:00:00,35.989601135253906,14.406900405883787,-0.08268389
2023-08-04 21:00:00,35.989601135253906,14.406900405883787,-0.08355638
2023-08-04 22:00:00,35.989601135253906,14.406900405883787,-0.084389806
2023-08-04 23:00:00,35.989601135253906,14.406900405883787,-0.08521024
2023-08-04 00:00:00,36.01190185546875,14.366399765014648,-0.09144459
2023-08-04 01:00:00,36.01190185546875,14.366399765014648,-0.06881105
2023-08-04 02:00:00,36.01190185546875,14.366399765014648,-0.048938423
2023-08-04 03:00:00,36.01190185546875,14.366399765014648,-0.035755835
2023-08-04 04:00:00,36.01190185546875,14.366399765014648,-0.029812364
2023-08-04 05:00:00,36.01190185546875,14.366399765014648,-0.03284597
2023-08-04 06:00:00,36.01190185546875,14.366399765014648,-0.037564255
2023-08-04 07:00:00,36.01190185546875,14.366399765014648,-0.041846655
2023-08-04 08:00:00,36.01190185546875,14.366399765014648,-0.045504145
2023-08-04 09:00:00,36.01190185546875,14.366399765014648,-0.048738033
2023-08-04 10:00:00,36.01190185546875,14.366399765014648,-0.05801691
2023-08-04 11:00:00,36.01190185546875,14.366399765014648,-0.056370422
2023-08-04 12:00:00,36.01190185546875,14.366399765014648,-0.060116947
2023-08-04 13:00:00,36.01190185546875,14.366399765014648,-0.060561404
2023-08-04 14:00:00,36.01190185546875,14.366399765014648,-0.064681366
2023-08-04 15:00:00,36.01190185546875,14.366399765014648,-0.06355864
2023-08-04 16:00:00,36.01190185546875,14.366399765014648,-0.061751127
2023-08-04 17:00:00,36.01190185546875,14.366399765014648,-0.06070795
2023-08-04 18:00:00,36.01190185546875,14.366399765014648,-0.060311645
2023-08-04 19:00:00,36.01190185546875,14.366399765014648,-0.060297817
2023-08-04 20:00:00,36.01190185546875,14.366399765014648,-0.060478576
2023-08-04 21:00:00,36.01190185546875,14.366399765014648,-0.060717255
2023-08-04 22:00:00,36.01190185546875,14.366399765014648,-0.06092368
2023-08-04 23:00:00,36.01190185546875,14.366399765014648,-0.061047204
2023-08-04 00:00:00,35.96730041503906,14.447500228881836,-0.29608652
2023-08-04 01:00:00,35.96730041503906,14.447500228881836,-0.21580923
2023-08-04 02:00:00,35.96730041503906,14.447500228881836,-0.14400432
2023-08-04 03:00:00,35.96730041503906,14.447500228881836,-0.10634553
2023-08-04 04:00:00,35.96730041503906,14.447500228881836,-0.08917813
2023-08-04 05:00:00,35.96730041503906,14.447500228881836,-0.09842125
2023-08-04 06:00:00,35.96730041503906,14.447500228881836,-0.10589782
2023-08-04 07:00:00,35.96730041503906,14.447500228881836,-0.10588261
2023-08-04 08:00:00,35.96730041503906,14.447500228881836,-0.10260922
2023-08-04 09:00:00,35.96730041503906,14.447500228881836,-0.099678606
2023-08-04 10:00:00,35.96730041503906,14.447500228881836,-0.09817774
2023-08-04 11:00:00,35.96730041503906,14.447500228881836,-0.097834416
2023-08-04 12:00:00,35.96730041503906,14.447500228881836,-0.13156413
2023-08-04 13:00:00,35.96730041503906,14.447500228881836,-0.12390273
2023-08-04 14:00:00,35.96730041503906,14.447500228881836,-0.12499787
2023-08-04 15:00:00,35.96730041503906,14.447500228881836,-0.115452886
2023-08-04 16:00:00,35.96730041503906,14.447500228881836,-0.106954016
2023-08-04 17:00:00,35.96730041503906,14.447500228881836,-0.106420144
2023-08-04 18:00:00,35.96730041503906,14.447500228881836,-0.108318724
2023-08-04 19:00:00,35.96730041503906,14.447500228881836,-0.10964477
2023-08-04 20:00:00,35.96730041503906,14.447500228881836,-0.11004812
2023-08-04 21:00:00,35.96730041503906,14.447500228881836,-0.11013138
2023-08-04 22:00:00,35.96730041503906,14.447500228881836,-0.11024747
2023-08-04 23:00:00,35.96730041503906,14.447500228881836,-0.1105121
